empresa_id,td_id,alimentador_id,propiedad,cudn,nom_comuna,nom_region,nodo_at_id,nodo_bt_id,codigo_placa,cap_nom_kva,tipo_cnx,num_fases,fases_id,tension_prim,tension_sec,z,tap_min,tap_max,tap_op_normal,regulacion,dda_min_dia,dda_min_noche,dda_max,coci_mt,datum,zona,x,y,long,lat
18,2248554,678,Inst. de distribución de prop. de la concesionaria,SA1AS5520005,9112,La Araucanía,39496438,37828513,572658,10,Dyn1,1,,"AT, clase 15 kV o menos",0.220,,13200,15180,0,0.036,,,,,PSAD56,19,186900.206229017,5694968.50635138,-72.6094793,-38.8410368
18,446071,678,Inst. de distribución de prop. de la concesionaria,SA3AS5020030,9112,La Araucanía,,,227662,45,Dyn1,3,RST,"AT, clase 15 kV o menos",0.380,4,11400,12600,0,0.025,,,,,PSAD56,19,186727.302397448,5695703.83597362,-72.6111330,-38.8343622
18,1717062343,678,Inst. de distribución de prop. de la concesionaria,SA1AS5520005,,,,,,5,Bifásico con neutro,1,,"AT, clase 15 kV o menos",0.220,,13200,15180,0,0.036,,,,,PSAD56,19,187131.221336406,5703672.11155457,-72.6028740,-38.7628435
18,438987,678,Inst. de distribución de prop. de la concesionaria,SA1AS5520005,9112,La Araucanía,39565902,37831916,253521,15,Bifásico con neutro,1,,"AT, clase 15 kV o menos",0.220,,13200,15180,0,0.036,,,,,PSAD56,19,181414.378526603,5697462.91025032,-72.6714059,-38.8166366
18,441116,678,Inst. de distribución de prop. de la concesionaria,SA2AS5520005,9112,La Araucanía,38122785,38269370,225037,5,Dyn1,2,,"AT, clase 15 kV o menos",0.220,,13200,15180,0,0.036,,,,,PSAD56,19,186208.319580579,5694930.44993717,-72.6174529,-38.8411326
18,442120,678,Inst. de distribución de prop. de la concesionaria,SA2AS5520005,9112,La Araucanía,38407512,37980610,227796,5,Dyn1,2,,"AT, clase 15 kV o menos",0.220,,13200,15180,0,0.036,,,,,PSAD56,19,183285.710822031,5698229.67243184,-72.6495429,-38.8104160
18,442645,678,Inst. de distribución de prop. de la concesionaria,SA1AS5520005,9112,La Araucanía,39171178,39231513,228365,15,Dyn1,1,,"AT, clase 15 kV o menos",0.220,,13200,15180,0,0.036,,,,,PSAD56,19,185921.30339445,5700339.26260335,-72.6182881,-38.7923873
18,443119,678,Inst. de distribución de prop. de la concesionaria,SA1AS5520005,9112,La Araucanía,38542335,40150419,571922,10,Dyn1,1,,"AT, clase 15 kV o menos",0.220,,13200,15180,0,0.036,,,,,PSAD56,19,188179.380445925,5694301.47972595,-72.5950717,-38.8474898
18,443393,678,Inst. de distribución de prop. de la concesionaria,SA1AS5520005,9112,La Araucanía,37855210,37899543,253525,15,Bifásico con neutro,1,,"AT, clase 15 kV o menos",0.220,,13200,15180,0,0.036,,,,,PSAD56,19,180988.144831795,5697122.45377045,-72.6764629,-38.8195440
18,445404,678,Inst. de distribución de prop. de la concesionaria,SA2AS5520005,9112,La Araucanía,37924958,39387255,165280,5,Dyn1,2,,"AT, clase 15 kV o menos",0.220,,13200,15180,0,0.036,,,,,PSAD56,19,182373.421737764,5699747.18569174,-72.6593297,-38.7964407
18,445557,678,Inst. de distribución de prop. de la concesionaria,SA1AS5520005,9112,La Araucanía,38143416,38128644,42276,15,Bifásico con neutro,1,,"AT, clase 15 kV o menos",0.220,,13200,15180,0,0.036,,,,,PSAD56,19,186167.275521086,5695845.29586316,-72.6175078,-38.8328905
18,445624,678,Inst. de distribución de prop. de la concesionaria,SA1AS5520005,9112,La Araucanía,37712471,39312044,165647,15,Bifásico con neutro,1,,"AT, clase 15 kV o menos",0.220,,13200,15180,0,0.036,,,,,PSAD56,19,182809.154317817,5697687.40358607,-72.6552700,-38.8151211
18,445634,678,Inst. de distribución de prop. de la concesionaria,SA1AS5520005,9112,La Araucanía,37859377,39398364,224570,15,Bifásico con neutro,1,,"AT, clase 15 kV o menos",0.220,,13200,15180,0,0.036,,,,,PSAD56,19,187043.930521591,5694532.87131872,-72.6080247,-38.8450057
18,445821,678,Inst. de distribución de prop. de la concesionaria,SA2AS5520005,9112,La Araucanía,39662512,39248863,14726,5,Dyn1,2,,"AT, clase 15 kV o menos",0.220,,13200,15180,0,0.036,,,,,PSAD56,19,186714.198771274,5702960.7564826,-72.6079869,-38.7690932
18,445841,678,Inst. de distribución de prop. de la concesionaria,SA1AS5520005,9112,La Araucanía,39972333,39388961,165695,10,Bifásico con neutro,1,,"AT, clase 15 kV o menos",0.220,,13200,15180,0,0.036,,,,,PSAD56,19,182089.957040546,5696991.85889122,-72.6638577,-38.8211168
18,446031,678,Inst. de distribución de prop. de la concesionaria,SA1AS5520005,9112,La Araucanía,40334059,37597191,583481,10,Bifásico con neutro,1,,"AT, clase 15 kV o menos",0.220,,13200,15180,0,0.036,,,,,PSAD56,19,185225.793109076,5699122.34433192,-72.6268358,-38.8030833
18,446510,678,Inst. de distribución de prop. de la concesionaria,SA2AS5520005,9112,La Araucanía,38265114,38942263,271857,5,Dyn1,2,,"AT, clase 15 kV o menos",0.220,,13200,15180,0,0.036,,,,,PSAD56,19,182169.330735069,5699256.70582342,-72.6619010,-38.8007780
18,446939,678,Inst. de distribución de prop. de la concesionaria,SA1AS5520005,9112,La Araucanía,39331204,38251894,14721,10,Bifásico con neutro,1,,"AT, clase 15 kV o menos",0.220,,13200,15180,0,0.036,,,,,PSAD56,19,186776.410237653,5702715.41476688,-72.6073835,-38.7713217
18,447774,678,Inst. de distribución de prop. de la concesionaria,SA2AS5520005,9112,La Araucanía,38916123,39174577,228346,5,Dyn1,2,,"AT, clase 15 kV o menos",0.220,,13200,15180,0,0.036,,,,,PSAD56,19,186293.038922681,5701045.87322671,-72.6136951,-38.7861648
18,447799,678,Inst. de distribución de prop. de la concesionaria,SA1AS5520005,9112,La Araucanía,322694229,322694161,1200265,15,Bifásico con neutro,1,,"AT, clase 15 kV o menos",0.220,,13200,15180,0,0.036,,,,,PSAD56,19,185999.715920159,5695125.19648546,-72.6197628,-38.8393068
18,448392,678,Inst. de distribución de prop. de la concesionaria,SA1AS5520005,9112,La Araucanía,37797752,37742878,254474,5,Bifásico con neutro,1,,"AT, clase 15 kV o menos",0.220,,13200,15180,0,0.036,,,,,PSAD56,19,184085.005655451,5697602.19566241,-72.6406435,-38.8163459
18,448462,678,Inst. de distribución de prop. de la concesionaria,SA1AS5520005,9112,La Araucanía,39127849,38909193,42613,15,Bifásico con neutro,1,,"AT, clase 15 kV o menos",0.220,,13200,15180,0,0.036,,,,,PSAD56,19,186974.398887562,5694146.66007348,-72.6090000,-38.8484543
18,448808,678,Inst. de distribución de prop. de la concesionaria,SA1AS5520005,9112,La Araucanía,39095653,38559089,227705,10,Bifásico con neutro,1,,"AT, clase 15 kV o menos",0.220,,13200,15180,0,0.036,,,,,PSAD56,19,182648.253251004,5695936.50978004,-72.6579260,-38.8308087
18,450191,678,Inst. de distribución de prop. de la concesionaria,SA1AS5520005,9112,La Araucanía,39188879,39258012,253544,15,Bifásico con neutro,1,,"AT, clase 15 kV o menos",0.220,,13200,15180,0,0.036,,,,,PSAD56,19,180019.206919064,5697324.10621522,-72.6875072,-38.8173791
18,451083,678,Inst. de prop. terceros no concesionarios de distribución,SA2AS5520005,9112,La Araucanía,39997563,38586570,525758,5,Dyn1,2,,"AT, clase 15 kV o menos",0.220,,13200,15180,0,0.036,,,,,PSAD56,19,186245.807158491,5694070.77063324,-72.6174138,-38.8488773
18,451095,678,Inst. de distribución de prop. de la concesionaria,SA2AS5520005,9112,La Araucanía,39962031,39913279,227851,5,Dyn1,2,,"AT, clase 15 kV o menos",0.220,,13200,15180,0,0.036,,,,,PSAD56,19,185229.11311348,5695761.22959786,-72.6283331,-38.8333116
18,452419,678,Inst. de distribución de prop. de la concesionaria,SA2AS5520005,9112,La Araucanía,38282333,39333514,165674,5,Dyn1,2,,"AT, clase 15 kV o menos",0.220,,13200,15180,0,0.036,,,,,PSAD56,19,182634.313216343,5697099.38433848,-72.6575505,-38.8203461
18,452753,678,Inst. de distribución de prop. de la concesionaria,SA1AS5520005,9105,La Araucanía,,,228301,10,Bifásico con neutro,1,,"AT, clase 15 kV o menos",0.220,,13200,15180,0,0.036,,,,,PSAD56,19,186889.16925132,5693439.07247893,-72.6103023,-38.8547876
18,452901,678,Inst. de distribución de prop. de la concesionaria,SA1AS5520005,9112,La Araucanía,40246604,40285240,165849,15,Bifásico con neutro,1,,"AT, clase 15 kV o menos",0.220,,13200,15180,0,0.036,,,,,PSAD56,19,184555.338609046,5698054.14276669,-72.6350301,-38.8124500
18,452923,678,Inst. de prop. terceros no concesionarios de distribución,SA2AS5520005,9112,La Araucanía,,,166047,5,Dyn1,2,,"AT, clase 15 kV o menos",0.220,,13200,15180,0,0.036,,,,,PSAD56,19,185606.376047475,5697509.6548706,-72.6231973,-38.8177224
18,453255,678,Inst. de distribución de prop. de la concesionaria,SA1AS5520005,9112,La Araucanía,38915401,38411876,165918,10,Bifásico con neutro,1,,"AT, clase 15 kV o menos",0.220,,13200,15180,0,0.036,,,,,PSAD56,19,184601.367721255,5697224.31348042,-72.6348808,-38.8199292
18,453352,678,Inst. de distribución de prop. de la concesionaria,SA2AS5520005,9112,La Araucanía,38118297,38104235,227574,5,Dyn1,2,,"AT, clase 15 kV o menos",0.220,,13200,15180,0,0.036,,,,,PSAD56,19,181809.968006924,5695967.17519361,-72.6675496,-38.8302304
18,453542,678,Inst. de distribución de prop. de la concesionaria,SA1AS5520005,9112,La Araucanía,,,166012,3,Dyn1,1,,"AT, clase 15 kV o menos",0.220,,13200,15180,0,0.036,,,,,PSAD56,19,185349.032320598,5698539.51284035,-72.6256854,-38.8083688
18,1975882,678,Inst. de prop. terceros no concesionarios de distribución,SA2AS5520005,9112,La Araucanía,,,493274,5,Dyn1,2,,"AT, clase 15 kV o menos",0.220,,13200,15180,0,0.036,,,,,PSAD56,19,185658.131696398,5700002.56913436,-72.6214658,-38.7953215
18,1985380,678,Inst. de prop. terceros no concesionarios de distribución,SA1AS5520005,9112,La Araucanía,,,491377,10,Bifásico con neutro,1,,"AT, clase 15 kV o menos",0.220,,13200,15180,0,0.036,,,,,PSAD56,19,185609.808122538,5697385.81601766,-72.6232144,-38.8188374
18,1987840,678,Inst. de distribución de prop. de la concesionaria,SA1AS5520005,9112,La Araucanía,38896987,38907718,165890,15,Bifásico con neutro,1,,"AT, clase 15 kV o menos",0.220,,13200,15180,0,0.036,,,,,PSAD56,19,184498.913093975,5698665.70050496,-72.6353988,-38.8069300
18,1992695,678,Inst. de prop. terceros no concesionarios de distribución,SA2AS5520005,9112,La Araucanía,,,1066389,5,Dyn1,2,,"AT, clase 15 kV o menos",0.220,,13200,15180,0,0.036,,,,,PSAD56,19,186291.317956765,5694022.09130203,-72.6169126,-38.8493313
18,2036544,678,Inst. de prop. terceros no concesionarios de distribución,SA1AS5520005,9112,La Araucanía,,,500126,10,Bifásico con neutro,1,,"AT, clase 15 kV o menos",0.220,,13200,15180,0,0.036,,,,,PSAD56,19,186772.752468078,5701359.20626129,-72.6080408,-38.7835174
18,2038854,678,Inst. de prop. terceros no concesionarios de distribución,SA1AS5520005,9112,La Araucanía,,,493503,15,Bifásico con neutro,1,,"AT, clase 15 kV o menos",0.220,,13200,15180,0,0.036,,,,,PSAD56,19,186059.497593444,5700912.09184279,-72.6164395,-38.7872848
18,2041344,678,Inst. de prop. terceros no concesionarios de distribución,SA1AS5520005,9112,La Araucanía,,,500130,10,Bifásico con neutro,1,,"AT, clase 15 kV o menos",0.220,,13200,15180,0,0.036,,,,,PSAD56,19,186459.708920612,5701516.1104377,-72.6115664,-38.7819951
18,2158961,678,Inst. de distribución de prop. de la concesionaria,SA1AS5520005,9112,La Araucanía,35904737,37996145,687564,15,Bifásico con neutro,1,,"AT, clase 15 kV o menos",0.220,,13200,15180,0,0.036,,,,,PSAD56,19,185560.539180576,5698457.07055152,-72.6232920,-38.8091857
18,2161321,678,Inst. de prop. terceros no concesionarios de distribución,SA1AS5520005,9112,La Araucanía,37974892,37944083,1243808,10,Bifásico con neutro,1,,"AT, clase 15 kV o menos",0.220,,13200,15180,0,0.036,,,,,PSAD56,19,185623.766488865,5696545.83578381,-72.6234372,-38.8263965
18,2163433,678,Inst. de distribución de prop. de la concesionaria,SA1AS5520005,9112,La Araucanía,40249688,37720198,460288,15,Bifásico con neutro,1,,"AT, clase 15 kV o menos",0.220,,13200,15180,0,0.036,,,,,PSAD56,19,184540.680122579,5698327.65918917,-72.6350734,-38.8099850
18,2173074,678,Inst. de distribución de prop. de la concesionaria,SA1AS5520005,9112,La Araucanía,,,610945,10,Dyn1,1,,"AT, clase 15 kV o menos",0.220,,13200,15180,0,0.036,,,,,PSAD56,19,186743.622200623,5703284.2809271,-72.6075022,-38.7661940
18,2193775,678,Inst. de distribución de prop. de la concesionaria,SA1AS5520005,9112,La Araucanía,40053464,39819633,225190,15,Bifásico con neutro,1,,"AT, clase 15 kV o menos",0.220,,13200,15180,0,0.036,,,,,PSAD56,19,185880.647374044,5694678.4127977,-72.6213359,-38.8432823
18,2285039,678,Inst. de distribución de prop. de la concesionaria,SA1AS5520005,9112,La Araucanía,39049646,39004728,227808,15,Bifásico con neutro,1,,"AT, clase 15 kV o menos",0.220,,13200,15180,0,0.036,,,,,PSAD56,19,183486.199494253,5699377.95067831,-72.6467114,-38.8001615
18,3038516,678,Inst. de distribución de prop. de la concesionaria,SA1AS5520005,9112,La Araucanía,39997668,38285126,225494,15,Dyn1,1,,"AT, clase 15 kV o menos",0.220,,13200,15180,0,0.036,,,,,PSAD56,19,186053.900094936,5694585.69793463,-72.6193859,-38.8441780
18,5715791,678,Inst. de distribución de prop. de la concesionaria,SA1AS5520005,9112,La Araucanía,39077478,39084923,492442,10,Dyn1,1,,"AT, clase 15 kV o menos",0.220,,13200,15180,0,0.036,,,,,PSAD56,19,185999.914636847,5700689.45818721,-72.6172254,-38.7892659
18,6752894,678,Inst. de distribución de prop. de la concesionaria,SA1AS5520005,9112,La Araucanía,39806493,39819866,227834,15,Bifásico con neutro,1,,"AT, clase 15 kV o menos",0.220,,13200,15180,0,0.036,,,,,PSAD56,19,183067.800197048,5699044.70783041,-72.6516729,-38.8030080
18,6757248,678,Inst. de distribución de prop. de la concesionaria,SA1AS5520005,9112,La Araucanía,40125522,39011279,165973,15,Bifásico con neutro,1,,"AT, clase 15 kV o menos",0.220,,13200,15180,0,0.036,,,,,PSAD56,19,185700.275228506,5700074.97850218,-72.6209485,-38.7946853
18,6972377,678,Inst. de distribución de prop. de la concesionaria,SA1AS5520005,9112,La Araucanía,39608069,39667199,781814,10,Bifásico con neutro,1,,"AT, clase 15 kV o menos",0.220,,13200,15180,0,0.036,,,,,PSAD56,19,181323.813593792,5697011.60612217,-72.6726557,-38.8206623
18,7888671,678,Inst. de distribución de prop. de la concesionaria,SA1AS5520005,9112,La Araucanía,39350229,39405567,224562,15,Bifásico con neutro,1,,"AT, clase 15 kV o menos",0.220,,13200,15180,0,0.036,,,,,PSAD56,19,186766.807110922,5694281.92273287,-72.6113258,-38.8471640
18,7913419,678,Inst. de distribución de prop. de la concesionaria,SA1AS5520005,9112,La Araucanía,39012778,39020604,753071,15,Bifásico con neutro,1,,"AT, clase 15 kV o menos",0.220,,13200,15180,0,0.036,,,,,PSAD56,19,182672.84723229,5696422.2905765,-72.6574194,-38.8264490
18,8187256,678,Inst. de distribución de prop. de la concesionaria,SA1AS5520005,9112,La Araucanía,40297885,37655667,806915,15,Bifásico con neutro,1,,"AT, clase 15 kV o menos",0.220,,13200,15180,0,0.036,,,,,PSAD56,19,185250.46377569,5698540.59497187,-72.6268179,-38.8083239
18,8188274,678,Inst. de distribución de prop. de la concesionaria,SA1AS5520005,9112,La Araucanía,38586250,38626727,225042,15,Bifásico con neutro,1,,"AT, clase 15 kV o menos",0.220,,13200,15180,0,0.036,,,,,PSAD56,19,185947.279736175,5695360.99541293,-72.6202582,-38.8371675
18,8652918,678,Inst. de distribución de prop. de la concesionaria,SA1AS5520005,9112,La Araucanía,39623280,39610558,227689,15,Bifásico con neutro,1,,"AT, clase 15 kV o menos",0.220,,13200,15180,0,0.036,,,,,PSAD56,19,183166.521756119,5699893.77163196,-72.6501483,-38.7954079
18,8965569,678,Inst. de distribución de prop. de la concesionaria,SA1AS5520005,9112,La Araucanía,38045068,40145574,227599,10,Bifásico con neutro,1,,"AT, clase 15 kV o menos",0.220,,13200,15180,0,0.036,,,,,PSAD56,19,182547.635589747,5696017.5438587,-72.6590455,-38.8300437
18,9028721,678,Inst. de distribución de prop. de la concesionaria,SA1AS5520005,9112,La Araucanía,39294810,39305972,670418,15,Bifásico con neutro,1,,"AT, clase 15 kV o menos",0.220,,13200,15180,0,0.036,,,,,PSAD56,19,187048.482788613,5696502.73896988,-72.6070769,-38.8272916
18,9110421,678,Inst. de distribución de prop. de la concesionaria,SA2AS5520005,9112,La Araucanía,38635551,38450704,927879,5,Dyn1,2,,"AT, clase 15 kV o menos",0.220,,13200,15180,0,0.036,,,,,PSAD56,19,183220.076303051,5697174.6213551,-72.6507823,-38.8198804
18,9406292,678,Inst. de prop. terceros no concesionarios de distribución,SA1AS5520005,9112,La Araucanía,,,1000362949,15,Bifásico con neutro,1,,"AT, clase 15 kV o menos",0.220,,13200,15180,0,0.036,,,,,PSAD56,19,186196.206982339,5701140.80291787,-72.6147646,-38.7852766
18,9458114,678,Inst. de distribución de prop. de la concesionaria,SA1AS5520005,9112,La Araucanía,39525181,38611936,984638,15,Bifásico con neutro,1,,"AT, clase 15 kV o menos",0.220,,13200,15180,0,0.036,,,,,PSAD56,19,182623.279551653,5695824.51222749,-72.6582648,-38.8318069
18,9495705,678,Inst. de distribución de prop. de la concesionaria,SA2AS4520015,9112,La Araucanía,38165949,39224496,975102,15,Bifásico con neutro,2,,"AT, clase 15 kV o menos",0.220,,13200,15180,0,0.036,,,,,PSAD56,19,182356.592717996,5698965.08776818,-72.6598832,-38.8034680
18,9542073,678,Inst. de distribución de prop. de la concesionaria,SA1AS5520005,9112,La Araucanía,40974578,38087545,492439,0,Dyn1,1,,"AT, clase 15 kV o menos",0.220,,13200,15180,0,0.036,,,,,PSAD56,19,186085.973115895,5700910.04166784,-72.6161362,-38.7873127
18,9585545,678,Inst. de distribución de prop. de la concesionaria,SA1AS5520005,9112,La Araucanía,38983973,38193763,14717,0,Dyn1,1,,"AT, clase 15 kV o menos",0.220,,13200,15180,0,0.036,,,,,PSAD56,19,186814.783455854,5702528.14361908,-72.6070276,-38.7730196
18,9836002,678,Inst. de distribución de prop. de la concesionaria,SA2AN5520002,9112,La Araucanía,39799478,39585306,14741,0,Dyn1,2,,"AT, clase 15 kV o menos",0.220,,13200,15180,0,0.036,,,,,PSAD56,19,187081.433531151,5703316.9386508,-72.6036068,-38.7660201
18,9838168,678,Inst. de distribución de prop. de la concesionaria,SA1AS5520005,9112,La Araucanía,38478445,37845113,225051,0,Dyn1,1,,"AT, clase 15 kV o menos",0.220,,13200,15180,0,0.036,,,,,PSAD56,19,185709.238874682,5695923.18433503,-72.6227387,-38.8320267
18,1716258181,678,Inst. de distribución de prop. de la concesionaria,SA1AS5520005,9112,La Araucanía,40150594,36126226,409112,25,Bifásico con neutro,1,,"AT, clase 15 kV o menos",0.220,4,11880,13860,0,0.039,,,,,PSAD56,19,185368.933270756,5699420.11558574,-72.6250549,-38.8004564
18,1716556418,678,Inst. de distribución de prop. de la concesionaria,SA1AS4020045,9112,La Araucanía,36363923,39221885,1126831,45,Trifásico con neutro,1,,"AT, clase 15 kV o menos",0.380,4,11550,13530,0,0.04,,,,,PSAD56,19,185914.213166769,5696581.12105362,-72.6200819,-38.8261828
18,1716969825,678,Inst. de distribución de prop. de la concesionaria,SA1AS5520005,9112,La Araucanía,38459017,38433972,165613,25,Bifásico con neutro,1,,"AT, clase 15 kV o menos",0.220,4,11880,13860,0,0.039,,,,,PSAD56,19,182950.131154638,5698616.35824459,-72.6532222,-38.8068178
18,1717149090,678,Inst. de distribución de prop. de la concesionaria,SA1AS5520005,9112,La Araucanía,40259650,213708893,975594,25,Bifásico con neutro,1,,"AT, clase 15 kV o menos",0.220,4,11880,13860,0,0.039,,,,,PSAD56,19,182528.594917557,5698417.46629386,-72.6581586,-38.8084547
18,1717194211,678,Inst. de distribución de prop. de la concesionaria,SA1AS5520005,9112,La Araucanía,38140268,38024579,254785,25,Bifásico con neutro,1,,"AT, clase 15 kV o menos",0.220,4,11880,13860,0,0.039,,,,,PSAD56,19,181980.086147637,5697281.13824985,-72.6649872,-38.8184757
18,1717236963,678,Inst. de distribución de prop. de la concesionaria,SA2AS4520015,9112,La Araucanía,38589748,39290272,224537,15,Bifásico con neutro,2,,"AT, clase 15 kV o menos",0.220,,13200,15180,0,0.036,,,,,PSAD56,19,187567.741416244,5694078.83479111,-72.6022070,-38.8492752
18,1717240437,678,Inst. de distribución de prop. de la concesionaria,SA1AS5520005,9112,La Araucanía,39617449,37831130,227565,25,Bifásico con neutro,1,,"AT, clase 15 kV o menos",0.220,4,11550,13530,0,0.04,,,,,PSAD56,19,181425.978117863,5696382.0032386,-72.6717724,-38.8263611
18,1717244347,678,Inst. de distribución de prop. de la concesionaria,SA1AS5520005,9112,La Araucanía,38700389,37966870,228336,25,Bifásico con neutro,1,,"AT, clase 15 kV o menos",0.220,4,11880,13860,0,0.039,,,,,PSAD56,19,186810.345657321,5701550.68866462,-72.6075219,-38.7818087
18,1717286244,678,Inst. de distribución de prop. de la concesionaria,SA2AS4520015,9112,La Araucanía,39507415,36372381,224502,15,Bifásico con neutro,2,,"AT, clase 15 kV o menos",0.220,,13200,15180,0,0.036,,,,,PSAD56,19,186335.439758546,5693974.90285197,-72.6164267,-38.8497714
18,438931,678,Inst. de distribución de prop. de la concesionaria,SA3AS5020030,9112,La Araucanía,40297313,39914768,493077,75,Trifásico con neutro,3,RST,"AT, clase 15 kV o menos",0.380,4,13200,15180,0,0.036,,,,,PSAD56,19,185582.78094614,5696515.56025069,-72.6239222,-38.8266541
18,439294,678,Inst. de prop. terceros no concesionarios de distribución,SA3AS4520015,9112,La Araucanía,,,584174,15,Trifásico con neutro,3,RST,"AT, clase 15 kV o menos",0.380,,13200,15180,0,0.036,,,,,PSAD56,19,185591.362446513,5699715.77312344,-72.6223638,-38.7978769
18,439331,678,Inst. de distribución de prop. de la concesionaria,SA3AS4520015,9112,La Araucanía,37664026,38729225,225059,15,Trifásico con neutro,3,RST,"AT, clase 15 kV o menos",0.380,,13200,15180,0,0.036,,,,,PSAD56,19,185768.046677941,5695939.17829844,-72.6220553,-38.8319038
18,439685,678,Inst. de prop. terceros no concesionarios de distribución,SA3BS3020150,9112,La Araucanía,,,584100,230,Dyn1,3,RST,"AT, clase 15 kV o menos",0.380,4,13200,15180,0,0.036,,,,,PSAD56,19,186773.840969665,5701986.72873316,-72.6077435,-38.7778742
18,440330,678,Inst. de distribución de prop. de la concesionaria,SA3BS2020250,9112,La Araucanía,38474720,39728323,14762,150,Dyn1,3,RST,"AT, clase 15 kV o menos",0.380,4,13200,15180,0,0.036,,,,,PSAD56,19,186866.323419965,5703401.92229987,-72.6060393,-38.7651795
18,440915,678,Inst. de prop. terceros no concesionarios de distribución,SA3BS3020150,9112,La Araucanía,,,584098,250,Dyn1,3,RST,"AT, clase 15 kV o menos",0.380,4,13200,15180,0,0.036,,,,,PSAD56,19,186775.695141164,5701991.57053107,-72.6077200,-38.7778313
18,442015,678,Inst. de distribución de prop. de la concesionaria,SA3AS5020030,9112,La Araucanía,38743563,39281274,460500,75,Trifásico con neutro,3,RST,"AT, clase 15 kV o menos",0.380,4,13200,15180,0,0.036,,,,,PSAD56,19,186844.053011942,5703177.34211938,-72.6063970,-38.7671914
18,442075,678,Inst. de prop. terceros no concesionarios de distribución,SA3AS4520015,9112,La Araucanía,,,584175,15,Trifásico con neutro,3,RST,"AT, clase 15 kV o menos",0.380,,13200,15180,0,0.036,,,,,PSAD56,19,186205.493592065,5701163.68670339,-72.6146475,-38.7850741
18,442559,678,Inst. de prop. terceros no concesionarios de distribución,SA3BS2020250,9112,La Araucanía,,,584092,150,Dyn1,3,RST,"AT, clase 15 kV o menos",0.380,4,13200,15180,0,0.036,,,,,PSAD56,19,186707.086826447,5702036.39527486,-72.6084879,-38.7774038
18,442622,678,Inst. de prop. terceros no concesionarios de distribución,SA3AS5020030,9112,La Araucanía,,,494489,45,Trifásico con neutro,3,RST,"AT, clase 15 kV o menos",0.380,4,13200,15180,0,0.036,,,,,PSAD56,19,186423.905083686,5701472.34956779,-72.6119977,-38.7823759
18,442658,678,Inst. de prop. terceros no concesionarios de distribución,SA3AS5020030,9112,La Araucanía,,,585005,45,Trifásico con neutro,3,RST,"AT, clase 15 kV o menos",0.380,4,13200,15180,0,0.036,,,,,PSAD56,19,186899.371068344,5703045.95315269,-72.6058211,-38.7683927
18,442680,678,Inst. de prop. terceros no concesionarios de distribución,SA3AS5020030,9112,La Araucanía,,,457192,30,Trifásico con neutro,3,RST,"AT, clase 15 kV o menos",0.380,4,13200,15180,0,0.036,,,,,PSAD56,19,186558.14818573,5701684.88131618,-72.6103587,-38.7805122
18,442943,678,Inst. de distribución de prop. de la concesionaria,SA3AS3020300,9105,La Araucanía,,,228305,300,Trifásico con neutro,3,RST,"AT, clase 15 kV o menos",0.380,4,13200,15180,0,0.036,,,,,PSAD56,19,187037.819779625,5693440.49935035,-72.6085919,-38.8548276
18,443373,678,Inst. de distribución de prop. de la concesionaria,SA3AS4520015,9112,La Araucanía,39653381,39668814,227847,15,Trifásico con neutro,3,RST,"AT, clase 15 kV o menos",0.380,,13200,15180,0,0.036,,,,,PSAD56,19,184898.901503966,5695815.66198295,-72.6321049,-38.8327039
18,444321,678,Inst. de distribución de prop. de la concesionaria,SA3AS5020030,9112,La Araucanía,39184805,39271308,460397,30,Trifásico con neutro,3,RST,"AT, clase 15 kV o menos",0.380,4,13200,15180,0,0.036,,,,,PSAD56,19,185621.102235299,5697347.44690932,-72.6231020,-38.8191865
18,444390,678,Inst. de distribución de prop. de la concesionaria,SA3AS5020030,9112,La Araucanía,,,188169,30,Trifásico con neutro,3,RST,"AT, clase 15 kV o menos",0.380,4,13200,15180,0,0.036,,,,,PSAD56,19,185007.693578913,5696410.58917305,-72.6305819,-38.8273926
18,444408,678,Inst. de distribución de prop. de la concesionaria,SA3AS4520015,9112,La Araucanía,38323415,38340067,166021,15,Trifásico con neutro,3,RST,"AT, clase 15 kV o menos",0.380,,13200,15180,0,0.036,,,,,PSAD56,19,185497.667801404,5697891.4166437,-72.6242727,-38.8142504
18,444679,678,Inst. de distribución de prop. de la concesionaria,SA3AS5020030,9112,La Araucanía,,,584170,75,Trifásico con neutro,3,RST,"AT, clase 15 kV o menos",0.380,4,13200,15180,0,0.036,,,,,PSAD56,19,186246.572357421,5701249.10209475,-72.6141367,-38.7843206
18,445444,678,Inst. de prop. terceros no concesionarios de distribución,SA3BS2020250,9112,La Araucanía,,,584951,150,Dyn1,3,RST,"AT, clase 15 kV o menos",0.380,4,13200,15180,0,0.036,,,,,PSAD56,19,186171.913625555,5701099.37857586,-72.6150626,-38.7856405
18,445656,678,Inst. de distribución de prop. de la concesionaria,SA3AS5020030,9112,La Araucanía,38039355,38138190,14729,30,Trifásico con neutro,3,RST,"AT, clase 15 kV o menos",0.380,4,13200,15180,0,0.036,,,,,PSAD56,19,186788.520271413,5703089.9457007,-72.6070745,-38.7679577
18,446068,678,Inst. de distribución de prop. de la concesionaria,SA3AS5020030,9112,La Araucanía,39425966,38033014,706994,30,Trifásico con neutro,3,RST,"AT, clase 15 kV o menos",0.380,4,13200,15180,0,0.036,,,,,PSAD56,19,185620.663766425,5697044.09911665,-72.6232455,-38.8219144
18,446194,678,Inst. de prop. terceros no concesionarios de distribución,SA3AS4020010,9112,La Araucanía,,,228153,10,Dyn1,3,RST,"AT, clase 15 kV o menos",0.380,,13200,15180,0,0.036,,,,,PSAD56,19,185032.922097083,5696110.19272491,-72.6304292,-38.8301032
18,446250,678,Inst. de prop. terceros no concesionarios de distribución,SA3AS4020010,9112,La Araucanía,,,584032,10,Dyn1,3,RST,"AT, clase 15 kV o menos",0.380,,11400,12600,0,0.025,,,,,PSAD56,19,185983.707607319,5700807.79711282,-72.6173578,-38.7881958
18,446452,678,Inst. de prop. terceros no concesionarios de distribución,SA3AS3020300,9112,La Araucanía,,,457189,300,Trifásico con neutro,3,RST,"AT, clase 15 kV o menos",0.380,4,13200,15180,0,0.036,,,,,PSAD56,19,186478.478047124,5701736.49782113,-72.6112506,-38.7800197
18,447012,678,Inst. de distribución de prop. de la concesionaria,SA3AS5020030,9112,La Araucanía,,,188170,30,Trifásico con neutro,3,RST,"AT, clase 15 kV o menos",0.380,4,13200,15180,0,0.036,,,,,PSAD56,19,184954.983618988,5696418.9553987,-72.6311841,-38.8272985
18,447267,678,Inst. de distribución de prop. de la concesionaria,SA3AS5020030,9112,La Araucanía,37596869,40266057,225065,75,Trifásico con neutro,3,RST,"AT, clase 15 kV o menos",0.380,4,13200,15180,0,0.036,,,,,PSAD56,19,185781.633347438,5696275.61397226,-72.6217455,-38.8288830
18,447348,678,Inst. de distribución de prop. de la concesionaria,SA3AS5020030,9112,La Araucanía,131115070,39961660,231891,75,Trifásico con neutro,3,RST,"AT, clase 15 kV o menos",0.380,4,13200,15180,0,0.036,,,,,PSAD56,19,187349.174595521,5702927.13645725,-72.6007076,-38.7696208
18,447554,678,Inst. de prop. terceros no concesionarios de distribución,SA3AS5020030,9112,La Araucanía,,,584169,30,Trifásico con neutro,3,RST,"AT, clase 15 kV o menos",0.380,4,13200,15180,0,0.036,,,,,PSAD56,19,186770.364054501,5702222.89571218,-72.6076763,-38.7757490
18,448335,678,Inst. de distribución de prop. de la concesionaria,SA3AS5020030,9112,La Araucanía,40134017,40153420,686841,30,Trifásico con neutro,3,RST,"AT, clase 15 kV o menos",0.380,4,13200,15180,0,0.036,,,,,PSAD56,19,185620.604949447,5696998.39401982,-72.6232670,-38.8223254
18,448790,678,Inst. de distribución de prop. de la concesionaria,SA3AS5020030,9112,La Araucanía,38978542,39088151,706931,45,Trifásico con neutro,3,RST,"AT, clase 15 kV o menos",0.380,4,13200,15180,0,0.036,,,,,PSAD56,19,185620.373723144,5696852.05193488,-72.6233365,-38.8236414
18,448829,678,Inst. de distribución de prop. de la concesionaria,SA3AS5020030,9112,La Araucanía,160674166,40076728,165972,45,Trifásico con neutro,3,RST,"AT, clase 15 kV o menos",0.380,4,13200,15180,0,0.036,,,,,PSAD56,19,185725.751580981,5700126.02210666,-72.6206324,-38.7942353
18,449108,678,Inst. de distribución de prop. de la concesionaria,SA3AS5020030,9112,La Araucanía,,,14711,30,Trifásico con neutro,3,RST,"AT, clase 15 kV o menos",0.380,4,13200,15180,0,0.036,,,,,PSAD56,19,186797.823448051,5702344.34967209,-72.6073058,-38.7746665
18,449668,678,Inst. de distribución de prop. de la concesionaria,SA3AS5020030,9112,La Araucanía,38886153,38922618,14734,113,Trifásico con neutro,3,RST,"AT, clase 15 kV o menos",0.380,4,13200,15180,0,0.036,,,,,PSAD56,19,186938.668710926,5703209.9207613,-72.6052953,-38.7669320
18,449673,678,Inst. de distribución de prop. de la concesionaria,SA3AS5020030,9112,La Araucanía,38781302,39907522,491896,30,Trifásico con neutro,3,RST,"AT, clase 15 kV o menos",0.380,4,13200,15180,0,0.036,,,,,PSAD56,19,186741.467923441,5696193.78954211,-72.6107472,-38.8299609
18,449707,678,Inst. de distribución de prop. de la concesionaria,SA3AS5020030,9112,La Araucanía,40003477,40293916,651768,75,Trifásico con neutro,3,RST,"AT, clase 15 kV o menos",0.380,4,13200,15180,0,0.036,,,,,PSAD56,19,186416.707218022,5701581.10551478,-72.6120310,-38.7813953
18,450388,678,Inst. de prop. terceros no concesionarios de distribución,SA3AS3520100,9112,La Araucanía,,,584171,100,Trifásico con neutro,3,RST,"AT, clase 15 kV o menos",0.380,4,13200,15180,0,0.036,,,,,PSAD56,19,185616.965674389,5699967.93701341,-72.6219546,-38.7956182
18,451465,678,Inst. de distribución de prop. de la concesionaria,SA3BS2020250,9112,La Araucanía,38422621,38908280,14772,200,Dyn1,3,RST,"AT, clase 15 kV o menos",0.380,4,13200,15180,0,0.036,,,,,PSAD56,19,187002.412212663,5703486.17219582,-72.6044379,-38.7644701
18,451494,678,Inst. de distribución de prop. de la concesionaria,SA3AS5020030,9112,La Araucanía,,,495027,113,Trifásico con neutro,3,RST,"AT, clase 15 kV o menos",0.380,4,13200,15180,0,0.036,,,,,PSAD56,19,185763.689518563,5696062.09690676,-72.6220493,-38.8307968
18,451531,678,Inst. de distribución de prop. de la concesionaria,SA3BS2020250,9112,La Araucanía,38801857,38460780,14795,150,Dyn1,3,RST,"AT, clase 15 kV o menos",0.380,4,13200,15180,0,0.036,,,,,PSAD56,19,187128.847308715,5702919.7905564,-72.6032420,-38.7696087
18,452032,678,Inst. de distribución de prop. de la concesionaria,SA3AS5020030,9112,La Araucanía,39072590,39129383,459920,45,Trifásico con neutro,3,RST,"AT, clase 15 kV o menos",0.380,4,13200,15180,0,0.036,,,,,PSAD56,19,186212.025952192,5694331.91161886,-72.6176832,-38.8465167
18,452404,678,Inst. de distribución de prop. de la concesionaria,SA3AS5020030,9112,La Araucanía,39611264,39653770,228138,45,Trifásico con neutro,3,RST,"AT, clase 15 kV o menos",0.380,4,13200,15180,0,0.036,,,,,PSAD56,19,185128.613351248,5696359.20076557,-72.6292152,-38.8278980
18,452410,678,Inst. de distribución de prop. de la concesionaria,SA3BS2020250,9112,La Araucanía,37868384,38258168,225803,150,Dyn1,3,RST,"AT, clase 15 kV o menos",0.380,4,13200,15180,0,0.036,,,,,PSAD56,19,186563.443960166,5701867.09778738,-72.6102151,-38.7788754
18,453030,678,Inst. de distribución de prop. de la concesionaria,SA3BS2020250,9112,La Araucanía,38265919,39960099,14749,150,Dyn1,3,RST,"AT, clase 15 kV o menos",0.380,4,13200,15180,0,0.036,,,,,PSAD56,19,187277.464058879,5703134.75116316,-72.6014374,-38.7677281
18,453404,678,Inst. de prop. terceros no concesionarios de distribución,SA3BS2020250,9112,La Araucanía,,,584017,150,Dyn1,3,RST,"AT, clase 15 kV o menos",0.380,4,13200,15180,0,0.036,,,,,PSAD56,19,185713.701352536,5699161.95259718,-72.6212102,-38.8029012
18,453578,678,Inst. de distribución de prop. de la concesionaria,SA3AS5020030,9112,La Araucanía,40110289,40094284,165784,30,Trifásico con neutro,3,RST,"AT, clase 15 kV o menos",0.380,4,13200,15180,0,0.036,,,,,PSAD56,19,186711.467651219,5702170.11032426,-72.6083769,-38.7762028
18,616107,678,Inst. de distribución de prop. de la concesionaria,SA3AS5020030,9112,La Araucanía,37700082,37703196,458978,30,Trifásico con neutro,3,RST,"AT, clase 15 kV o menos",0.380,4,13200,15180,0,0.036,,,,,PSAD56,19,186709.092677447,5694983.32293132,-72.6116703,-38.8408355
18,617382,678,Inst. de distribución de prop. de la concesionaria,SA3AS5020030,9112,La Araucanía,38108761,39229700,224514,30,Trifásico con neutro,3,RST,"AT, clase 15 kV o menos",0.380,4,13200,15180,0,0.036,,,,,PSAD56,19,186292.589065473,5694634.95489554,-72.6166185,-38.8438201
18,1858858,678,Inst. de prop. terceros no concesionarios de distribución,SA3AS4520015,9112,La Araucanía,,,491159,15,Trifásico con neutro,3,RST,"AT, clase 15 kV o menos",0.380,,13200,15180,0,0.036,,,,,PSAD56,19,185260.093097295,5698781.00176814,-72.6265974,-38.8061653
18,1867690,678,Inst. de distribución de prop. de la concesionaria,SA3AS4520015,9112,La Araucanía,38611483,38589440,500388,15,Trifásico con neutro,3,RST,"AT, clase 15 kV o menos",0.380,,13200,15180,0,0.036,,,,,PSAD56,19,185646.97960712,5695942.59182171,-72.6234457,-38.8318299
18,1900420,678,Inst. de distribución de prop. de la concesionaria,SA3AS5020030,9112,La Araucanía,38078805,38024646,458769,113,Trifásico con neutro,3,RST,"AT, clase 15 kV o menos",0.380,4,13200,15180,0,0.036,,,,,PSAD56,19,185784.282000944,5696523.30568701,-72.6216021,-38.8266564
18,1977071,678,Inst. de distribución de prop. de la concesionaria,SA3AS4520015,9112,La Araucanía,39121958,39088828,494503,15,Trifásico con neutro,3,RST,"AT, clase 15 kV o menos",0.380,,13200,15180,0,0.036,,,,,PSAD56,19,186455.545388907,5701535.36229967,-72.6116055,-38.7818204
18,1982855,678,Inst. de prop. terceros no concesionarios de distribución,SA3AS4520015,9112,La Araucanía,,,491117,15,Trifásico con neutro,3,RST,"AT, clase 15 kV o menos",0.380,,13200,15180,0,0.036,,,,,PSAD56,19,186171.676568205,5694646.98514164,-72.6180035,-38.8436688
18,1985251,678,Inst. de distribución de prop. de la concesionaria,SA3AS5020030,9112,La Araucanía,,,493275,75,Trifásico con neutro,3,RST,"AT, clase 15 kV o menos",0.380,4,13200,15180,0,0.036,,,,,PSAD56,19,187241.694652942,5702414.81414846,-72.6021743,-38.7741902
18,2036545,678,Inst. de prop. terceros no concesionarios de distribución,SA3AS4520015,9112,La Araucanía,,,500127,15,Trifásico con neutro,3,RST,"AT, clase 15 kV o menos",0.380,,13200,15180,0,0.036,,,,,PSAD56,19,186492.617138361,5701167.08508067,-72.6113468,-38.7851457
18,2036866,678,Inst. de distribución de prop. de la concesionaria,SA3AS5020030,9112,La Araucanía,40093970,37603406,493390,113,Trifásico con neutro,3,RST,"AT, clase 15 kV o menos",0.380,4,13200,15180,0,0.036,,,,,PSAD56,19,186844.085042368,5702404.63162151,-72.6067470,-38.7741408
18,2036867,678,Inst. de distribución de prop. de la concesionaria,SA3AS5020030,9112,La Araucanía,38772585,38751398,468095,113,Trifásico con neutro,3,RST,"AT, clase 15 kV o menos",0.380,4,13200,15180,0,0.036,,,,,PSAD56,19,186861.174448575,5702244.87985993,-72.6066231,-38.7755835
18,2037899,678,Inst. de distribución de prop. de la concesionaria,SA3AS5020030,9112,La Araucanía,37727816,37580609,468181,45,Trifásico con neutro,3,RST,"AT, clase 15 kV o menos",0.380,4,13200,15180,0,0.036,,,,,PSAD56,19,187238.320885315,5702363.72964552,-72.6022362,-38.7746485
18,2084184,678,Inst. de prop. terceros no concesionarios de distribución,SA3AS4520015,9112,La Araucanía,39072811,39063432,500133,15,Trifásico con neutro,3,RST,"AT, clase 15 kV o menos",0.380,,13200,15180,0,0.036,,,,,PSAD56,19,186214.245566657,5701032.96866695,-72.6146064,-38.7862528
18,2084239,678,Inst. de prop. terceros no concesionarios de distribución,SA3AS5020030,9112,La Araucanía,,,539655,30,Trifásico con neutro,3,RST,"AT, clase 15 kV o menos",0.380,4,13200,15180,0,0.036,,,,,PSAD56,19,186299.007677499,5701236.64364364,-72.6135398,-38.7844513
18,2131775,678,Inst. de distribución de prop. de la concesionaria,SA3AS5020030,9112,La Araucanía,38322321,37970732,583510,113,Trifásico con neutro,3,RST,"AT, clase 15 kV o menos",0.380,4,13200,15180,0,0.036,,,,,PSAD56,19,187135.549443156,5702433.86607001,-72.6033852,-38.7739813
18,2131877,678,Inst. de distribución de prop. de la concesionaria,SA3AS5020030,9112,La Araucanía,40057658,40272725,584817,113,Trifásico con neutro,3,RST,"AT, clase 15 kV o menos",0.380,4,13200,15180,0,0.036,,,,,PSAD56,19,187018.006329987,5702291.41743459,-72.6048001,-38.7752207
18,2132092,678,Inst. de distribución de prop. de la concesionaria,SA3AS5020030,9112,La Araucanía,38670820,38733751,493461,113,Trifásico con neutro,3,RST,"AT, clase 15 kV o menos",0.380,4,13200,15180,0,0.036,,,,,PSAD56,19,187099.782733881,5702331.78293796,-72.6038423,-38.7748867
18,2159156,678,Inst. de distribución de prop. de la concesionaria,SA3AS5020030,9112,La Araucanía,,,584167,75,Trifásico con neutro,3,RST,"AT, clase 15 kV o menos",0.380,4,13200,15180,0,0.036,,,,,PSAD56,19,186755.791170817,5702414.44436522,-72.6077569,-38.7740212
18,2161433,678,Inst. de prop. terceros no concesionarios de distribución,SA3AS5020030,9112,La Araucanía,,,499488,30,Trifásico con neutro,3,RST,"AT, clase 15 kV o menos",0.380,4,13200,15180,0,0.036,,,,,PSAD56,19,185659.825824408,5695963.58123583,-72.6232884,-38.8316457
18,2191813,678,Inst. de distribución de prop. de la concesionaria,SA3CS3030300,9112,La Araucanía,,,794268,500,Trifásico con neutro,3,RST,"AT, clase 15 kV o menos",0.380,4,13200,15180,0,0.036,,,,,PSAD56,19,186784.869872547,5702088.55041485,-72.6075706,-38.7769624
18,2236670,678,Inst. de prop. terceros no concesionarios de distribución,SA3AS5020030,9112,La Araucanía,,,586115,45,Trifásico con neutro,3,RST,"AT, clase 15 kV o menos",0.380,4,13200,15180,0,0.036,,,,,PSAD56,19,187149.413267592,5703375.58876873,-72.6027993,-38.7655168
18,2276771,678,Inst. de distribución de prop. de la concesionaria,SA3AS5020030,9112,La Araucanía,37669558,37972634,596255,113,Trifásico con neutro,3,RST,"AT, clase 15 kV o menos",0.380,4,13200,15180,0,0.036,,,,,PSAD56,19,187223.305357178,5702219.5420709,-72.6024740,-38.7759399
18,2287559,678,Inst. de distribución de prop. de la concesionaria,SA3AS5020030,9112,La Araucanía,37832294,37814005,227638,75,Trifásico con neutro,3,RST,"AT, clase 15 kV o menos",0.380,4,13200,15180,0,0.036,,,,,PSAD56,19,186399.593344618,5696193.34978065,-72.6146781,-38.8298432
18,3016219,678,Inst. de distribución de prop. de la concesionaria,SA3AS5020030,9112,La Araucanía,37904231,37940082,596224,75,Trifásico con neutro,3,RST,"AT, clase 15 kV o menos",0.380,4,13200,15180,0,0.036,,,,,PSAD56,19,187225.987091647,5702307.84886613,-72.6024032,-38.7751467
18,3019953,678,Inst. de distribución de prop. de la concesionaria,SA3AS4520015,9112,La Araucanía,40108861,40140601,604492,15,Trifásico con neutro,3,RST,"AT, clase 15 kV o menos",0.380,,13200,15180,0,0.036,,,,,PSAD56,19,185519.253263682,5696304.46250089,-72.6247490,-38.8285299
18,4159893,678,Inst. de distribución de prop. de la concesionaria,SA3CS3030300,9112,La Araucanía,,,794268,500,Trifásico con neutro,3,RST,"AT, clase 15 kV o menos",0.380,4,13200,15180,0,0.036,,,,,PSAD56,19,186784.869872547,5702088.55041485,-72.6075706,-38.7769624
18,5282203,678,Inst. de distribución de prop. de la concesionaria,SA3AS5020030,9112,La Araucanía,37898861,37926743,651076,75,Trifásico con neutro,3,RST,"AT, clase 15 kV o menos",0.380,4,13200,15180,0,0.036,,,,,PSAD56,19,187591.516541866,5702955.40957279,-72.5979108,-38.7694523
18,5282428,678,Inst. de distribución de prop. de la concesionaria,SA3AS5020030,9112,La Araucanía,39264650,39107688,810478,75,Trifásico con neutro,3,RST,"AT, clase 15 kV o menos",0.380,4,13200,15180,0,0.036,,,,,PSAD56,19,184301.550942328,5697623.09066295,-72.6381447,-38.8162356
18,5472759,678,Inst. de distribución de prop. de la concesionaria,SA3AS5020030,9112,La Araucanía,37873180,39962714,1126881,45,Trifásico con neutro,3,RST,"AT, clase 15 kV o menos",0.380,4,13200,15180,0,0.036,,,,,PSAD56,19,185556.36823036,5699772.308987,-72.6227402,-38.7973560
18,5685631,678,Inst. de distribución de prop. de la concesionaria,SA3AS5020030,9112,La Araucanía,38455757,38468863,681114,30,Trifásico con neutro,3,RST,"AT, clase 15 kV o menos",0.380,4,13200,15180,0,0.036,,,,,PSAD56,19,186740.918623437,5701816.96753229,-72.6081988,-38.7793893
18,5941904,678,Inst. de prop. terceros no concesionarios de distribución,SA3AS3020300,9112,La Araucanía,38582333,38590757,584959,300,Trifásico con neutro,3,RST,"AT, clase 15 kV o menos",0.380,4,13200,15180,0,0.036,,,,,PSAD56,19,185377.807324739,5698427.55490512,-72.6254058,-38.8093859
18,6251123,678,Inst. de distribución de prop. de la concesionaria,SA3AS5020030,9112,La Araucanía,37850511,37828720,212285,113,Trifásico con neutro,3,RST,"AT, clase 15 kV o menos",0.380,4,13200,15180,0,0.036,,,,,PSAD56,19,186694.442399757,5702052.98839838,-72.6086257,-38.7772501
18,6401631,678,Inst. de prop. terceros no concesionarios de distribución,SA3AS4520015,9112,La Araucanía,,,689643,15,Trifásico con neutro,3,RST,"AT, clase 15 kV o menos",0.380,,13200,15180,0,0.036,,,,,PSAD56,19,184921.242592375,5695832.77053375,-72.6318402,-38.8325581
18,6750939,678,Inst. de distribución de prop. de la concesionaria,SA3AS5020030,9112,La Araucanía,38648505,38684742,270780,45,Trifásico con neutro,3,RST,"AT, clase 15 kV o menos",0.380,4,13200,15180,0,0.036,,,,,PSAD56,19,185610.747215549,5697622.98265533,-72.6230954,-38.8167048
18,6885376,678,Inst. de distribución de prop. de la concesionaria,SA3AS5020030,9112,La Araucanía,39662553,39728277,739590,75,Trifásico con neutro,3,RST,"AT, clase 15 kV o menos",0.380,4,13200,15180,0,0.036,,,,,PSAD56,19,187238.052944036,5702961.37921645,-72.6019687,-38.7692734
18,7888538,678,Inst. de distribución de prop. de la concesionaria,SA3AS4520015,9112,La Araucanía,39288752,39576184,772673,15,Trifásico con neutro,3,RST,"AT, clase 15 kV o menos",0.380,,13200,15180,0,0.036,,,,,PSAD56,19,186568.413735418,5694497.82925442,-72.6135091,-38.8451516
18,8112238,678,Inst. de distribución de prop. de la concesionaria,SA3AS5020030,9112,La Araucanía,39936210,39949898,14753,113,Trifásico con neutro,3,RST,"AT, clase 15 kV o menos",0.380,4,13200,15180,0,0.036,,,,,PSAD56,19,186935.656464013,5703066.72142562,-72.6053948,-38.7682188
18,8168699,678,Inst. de distribución de prop. de la concesionaria,SA3AS5020030,9112,La Araucanía,40327065,38487369,823723,45,Trifásico con neutro,3,RST,"AT, clase 15 kV o menos",0.380,4,13200,15180,0,0.036,,,,,PSAD56,19,186817.618192587,5701995.35353498,-72.6072367,-38.7778122
18,8365676,678,Inst. de distribución de prop. de la concesionaria,SA3AS5020030,9112,La Araucanía,38452822,38485675,491866,75,Trifásico con neutro,3,RST,"AT, clase 15 kV o menos",0.380,4,13200,15180,0,0.036,,,,,PSAD56,19,186516.412349715,5701675.24418936,-72.6108426,-38.7805841
18,8385841,678,Inst. de distribución de prop. de la concesionaria,SA3AS5020030,9112,La Araucanía,40312320,40272118,493081,75,Trifásico con neutro,3,RST,"AT, clase 15 kV o menos",0.380,4,13200,15180,0,0.036,,,,,PSAD56,19,185578.03983318,5696368.18465001,-72.6240440,-38.8279778
18,8738240,678,Inst. de distribución de prop. de la concesionaria,SA3AS5020030,9112,La Araucanía,39812314,40292094,910103,45,Trifásico con neutro,3,RST,"AT, clase 15 kV o menos",0.380,4,13200,15180,0,0.036,,,,,PSAD56,19,186220.006345607,5701176.18027341,-72.6144751,-38.7849669
18,8850258,678,Inst. de distribución de prop. de la concesionaria,SA3AS5020030,9112,La Araucanía,38299804,38191021,14744,75,Trifásico con neutro,3,RST,"AT, clase 15 kV o menos",0.380,4,13200,15180,0,0.036,,,,,PSAD56,19,187151.489879127,5703223.06057497,-72.6028446,-38.7668893
18,9173881,678,Inst. de distribución de prop. de la concesionaria,SA3AS5020030,9112,La Araucanía,39303271,39614835,188342,113,Trifásico con neutro,3,RST,"AT, clase 15 kV o menos",0.380,4,13200,15180,0,0.036,,,,,PSAD56,19,187330.495685162,5703343.5494726,-72.6007337,-38.7658691
18,9325881,678,Inst. de distribución de prop. de la concesionaria,SA3AS5020030,9112,La Araucanía,39033151,40088972,706877,113,Trifásico con neutro,3,RST,"AT, clase 15 kV o menos",0.380,4,13200,15180,0,0.036,,,,,PSAD56,19,185620.445064334,5696898.27704488,-72.6233145,-38.8232257
18,9457118,678,Inst. de prop. terceros no concesionarios de distribución,SA3AS5020030,9112,La Araucanía,,,977522,75,Trifásico con neutro,3,RST,"AT, clase 15 kV o menos",0.380,4,13200,15180,0,0.036,,,,,PSAD56,19,185660.915565988,5700059.07291945,-72.6214080,-38.7948143
18,9474211,678,Inst. de distribución de prop. de la concesionaria,SA3AS5020030,9112,La Araucanía,38594541,38610582,459189,113,Trifásico con neutro,3,RST,"AT, clase 15 kV o menos",0.380,4,13200,15180,0,0.036,,,,,PSAD56,19,185616.001120957,5695764.69492643,-72.6238831,-38.8334187
18,9474697,678,Inst. de prop. terceros no concesionarios de distribución,SA3AS5020030,9112,La Araucanía,40058252,40078409,584173,75,Trifásico con neutro,3,RST,"AT, clase 15 kV o menos",0.380,4,13200,15180,0,0.036,,,,,PSAD56,19,185478.054284661,5699649.94674587,-72.6236960,-38.7984285
18,9500723,678,Inst. de distribución de prop. de la concesionaria,SA3AS5020030,9112,La Araucanía,37886565,37925152,986303,30,Trifásico con neutro,3,RST,"AT, clase 15 kV o menos",0.380,4,13200,15180,0,0.036,,,,,PSAD56,19,185111.233482184,5696802.78568494,-72.6292122,-38.8239026
18,9511070,678,Inst. de distribución de prop. de la concesionaria,SA3AS5020030,9112,La Araucanía,38559666,38228952,459105,15,Trifásico con neutro,3,RST,"AT, clase 15 kV o menos",0.380,,13200,15180,0,0.036,,,,,PSAD56,19,185241.962703027,5699044.50837613,-72.6266855,-38.8037890
18,9553664,678,Inst. de distribución de prop. de la concesionaria,SA3AS5020030,9112,La Araucanía,37999301,38103592,165945,30,Trifásico con neutro,3,RST,"AT, clase 15 kV o menos",0.380,4,13200,15180,0,0.036,,,,,PSAD56,19,185329.059865336,5696762.89722945,-72.6267262,-38.8243392
18,9572835,678,Inst. de prop. terceros no concesionarios de distribución,SA3AS3520100,9112,La Araucanía,,,1000374816,100,Trifásico con neutro,3,RST,"AT, clase 15 kV o menos",0.380,4,13200,15180,0,0.036,,,,,PSAD56,19,186443.97237936,5701654.99391996,-72.6116841,-38.7807404
18,9707177,678,Inst. de distribución de prop. de la concesionaria,SA3BS2020250,9112,La Araucanía,38010606,39518632,245395,150,Trifásico con neutro,3,RST,"AT, clase 15 kV o menos",0.380,4,13200,15180,0,0.036,,,,,PSAD56,19,187449.814835369,5702943.92232341,-72.5995438,-38.7695054
18,9722336,678,Inst. de prop. terceros no concesionarios de distribución,SA3AS5020030,9112,La Araucanía,,,1002598,75,Trifásico con neutro,3,RST,"AT, clase 15 kV o menos",0.380,4,13200,15180,0,0.036,,,,,PSAD56,19,180817.216351795,5695535.15742142,-72.6791633,-38.8337561
18,1716255194,678,Inst. de distribución de prop. de la concesionaria,SA3AS4520015,9112,La Araucanía,39600168,39626877,459131,15,Trifásico con neutro,3,RST,"AT, clase 15 kV o menos",0.380,,13200,15180,0,0.036,,,,,PSAD56,19,185478.436083299,5697701.68286783,-72.6245804,-38.8159498
18,1716487522,678,Inst. de prop. terceros no concesionarios de distribución,SA3AS5020030,9112,La Araucanía,,,SP,75,Trifásico con neutro,3,RST,"AT, clase 15 kV o menos",0.380,4,13200,15180,0,0.036,,,,,PSAD56,19,186478.991451708,5701746.8225613,-72.6112401,-38.7799270
18,1716535275,678,Inst. de distribución de prop. de la concesionaria,SA3AS5020030,9112,La Araucanía,,,680584,75,Trifásico con neutro,3,RST,"AT, clase 15 kV o menos",0.380,4,13200,15180,0,0.036,,,,,PSAD56,19,185548.106422839,5698490.42842354,-72.6234197,-38.8088813
18,1716558911,678,Inst. de distribución de prop. de la concesionaria,SA3AS5020030,9112,La Araucanía,38905437,38929127,671985,75,Trifásico con neutro,3,RST,"AT, clase 15 kV o menos",0.380,4,13200,15180,0,0.036,,,,,PSAD56,19,185347.264733152,5695905.93736009,-72.6269085,-38.8320525
18,1716562986,678,Inst. de prop. terceros no concesionarios de distribución,SA3CS3030300,9112,La Araucanía,,,S/P,750,Trifásico con neutro,3,RST,"AT, clase 15 kV o menos",0.380,5,13200,15180,0,0.036,,,,,PSAD56,19,179535.796093179,5695746.06760702,-72.6937978,-38.8313939
18,1716597000,678,Inst. de distribución de prop. de la concesionaria,SA3AS5020030,9112,La Araucanía,38284473,121909986,14723,75,Trifásico con neutro,3,RST,"AT, clase 15 kV o menos",0.380,4,13200,15180,0,0.036,,,,,PSAD56,19,186755.074599283,5702810.57682823,-72.6075854,-38.7704583
18,1716737042,678,Inst. de distribución de prop. de la concesionaria,SA3AS5020030,9112,La Araucanía,37971567,39798955,983660,30,Trifásico con neutro,3,RST,"AT, clase 15 kV o menos",0.380,4,13200,15180,0,0.036,,,,,PSAD56,19,182963.907188036,5697415.73780101,-72.6536161,-38.8176199
18,1717010787,678,Inst. de prop. terceros no concesionarios de distribución,SA3AS5020030,9112,La Araucanía,,,584197,30,Trifásico con neutro,3,RST,"AT, clase 15 kV o menos",0.380,4,13200,15180,0,0.036,,,,,PSAD56,19,186902.308689,5694504.2214852,-72.6096664,-38.8452130
18,1717205065,678,Inst. de distribución de prop. de la concesionaria,SA3AS5020030,9112,La Araucanía,38686401,38610055,165963,45,Trifásico con neutro,3,RST,"AT, clase 15 kV o menos",0.380,4,13200,15180,0,0.036,,,,,PSAD56,19,185839.373615728,5700364.00830426,-72.6192184,-38.7921355
18,1717326392,678,Inst. de distribución de prop. de la concesionaria,SA3AS4020010,9112,La Araucanía,323101252,323101281,1065488,10,Trifásico con neutro,3,RST,"AT, clase 15 kV o menos",,,,,0,,,,,,PSAD56,19,185606.526044191,5697460.36777761,-72.6232181,-38.8181657
