empresa_id,toma_tierra_id,elemento_id,tipo_elemento,propiedad,nodo_id,cudn,tipo_toma_tierra,tipo_electrodo,otros,datum,zona,x,y,lat,long
18,454236,441776,transformador_dx,Inst. de distribució,39575648,KC24A,Puesta a tierra de p,Conductor Cobre,,PSAD56,19,187573.971,5698777.776,-38.80701780,-72.60000370
18,455307,447907,transformador_dx,Inst. de distribució,38400748,KC24A,Puesta a tierra de p,Conductor Cobre,,PSAD56,19,188233.659,5699410.941,-38.80155700,-72.59213490
18,455534,427497,equipo,Inst. de distribució,38690809,KC24A,Puesta a tierra de p,Conductor Cobre,,PSAD56,19,187673.499,5703056.005,-38.76857660,-72.59692350
18,456448,445702,transformador_dx,Inst. de distribució,38545304,KC24A,Puesta a tierra de p,Conductor Cobre,,PSAD56,19,188048.510,5702399.247,-38.77461590,-72.59291200
18,456625,1877335,transformador_dx,Inst. de distribució,39441529,KC24A,Puesta a tierra de p,Conductor Cobre,,PSAD56,19,188267.162,5698817.092,-38.80690970,-72.59201840
18,457643,,otro,Inst. de distribució,,KC24A,Puesta a tierra de p,Conductor Cobre,,PSAD56,19,187334.968,5703782.812,-38.76192020,-72.60048350
18,457725,447596,transformador_dx,Inst. de distribució,39299270,KC24A,Puesta a tierra de p,Conductor Cobre,,PSAD56,19,186694.691,5703588.546,-38.76344020,-72.60792630
18,457734,431757,equipo,Inst. de distribució,38116684,KC24A,Puesta a tierra de p,Conductor Cobre,,PSAD56,19,188922.350,5699291.059,-38.80287860,-72.58427370
18,458477,447107,transformador_dx,Inst. de distribució,38838976,KC24A,Puesta a tierra de p,Conductor Cobre,,PSAD56,19,186615.173,5697559.351,-38.81763500,-72.61157800
18,458748,,otro,Inst. de distribució,,KC24A,Puesta a tierra de p,Conductor Cobre,,PSAD56,19,187344.450,5700362.044,-38.79268830,-72.60192360
18,458998,6396971,transformador_dx,Inst. de distribució,39095815,KC24A,Puesta a tierra de p,Conductor Cobre,,PSAD56,19,186199.496,5697387.304,-38.81903430,-72.61643480
18,459325,418458,equipo,Inst. de distribució,39797650,KC24A,Puesta a tierra de p,Conductor Cobre,,PSAD56,19,187471.182,5703601.240,-38.76360140,-72.59900100
18,459326,447332,transformador_dx,Inst. de distribució,39912824,KC24A,Puesta a tierra de p,Conductor Cobre,,PSAD56,19,188283.529,5702568.485,-38.77317690,-72.59013550
18,459636,421637,equipo,Inst. de distribució,38652795,KC24A,Puesta a tierra de p,Conductor Cobre,,PSAD56,19,187705.080,5703061.576,-38.76853770,-72.59655820
18,460090,422015,equipo,Inst. de distribució,39600461,KC24A,Puesta a tierra de p,Conductor Cobre,,PSAD56,19,187603.197,5698836.390,-38.80650100,-72.59964130
18,460217,439812,transformador_dx,Inst. de distribució,40150153,KC24A,Puesta a tierra de p,Conductor Cobre,,PSAD56,19,187574.592,5703297.223,-38.76637220,-72.59795060
18,460578,,otro,Inst. de distribució,,KC24A,Puesta a tierra de p,Conductor Cobre,,PSAD56,19,187593.996,5702313.830,-38.77522330,-72.59817250
18,461027,416807,equipo,Inst. de distribució,39507388,KC24A,Puesta a tierra de p,Conductor Cobre,,PSAD56,19,188512.066,5698744.306,-38.80765090,-72.58923630
18,461821,1716954749,transformador_dx,Inst. de distribució,39510372,KC24A,Puesta a tierra de p,Conductor Cobre,,PSAD56,19,188459.625,5699994.129,-38.79639200,-72.58927440
18,462241,451052,transformador_dx,Inst. de distribució,39298698,KC24A,Puesta a tierra de p,Conductor Cobre,,PSAD56,19,186595.392,5703272.119,-38.76625070,-72.60921050
18,462380,431865,equipo,Inst. de distribució,39752784,KC24A,Puesta a tierra de p,Conductor Cobre,,PSAD56,19,187521.965,5699995.498,-38.79604770,-72.60004970
18,462477,449123,transformador_dx,Inst. de distribució,37858799,KC24A,Puesta a tierra de p,Conductor Cobre,,PSAD56,19,188383.760,5702593.689,-38.77298570,-72.58897260
18,462585,,otro,Inst. de distribució,,KC24A,Puesta a tierra de p,Conductor Cobre,,PSAD56,19,187998.072,5703085.394,-38.76842720,-72.59318150
18,462627,,otro,Inst. de distribució,,KC24A,Puesta a tierra de p,Conductor Cobre,,PSAD56,19,188019.756,5702617.684,-38.77264120,-72.59314370
18,462807,453365,transformador_dx,Inst. de distribució,39457353,KC24A,Puesta a tierra de p,Conductor Cobre,,PSAD56,19,187713.681,5703276.677,-38.76660620,-72.59636210
18,463317,,otro,Inst. de distribució,,KC24A,Puesta a tierra de p,Conductor Cobre,,PSAD56,19,187464.440,5698372.446,-38.81062420,-72.60144640
18,463629,,otro,Inst. de distribució,,KC24A,Puesta a tierra de p,Conductor Cobre,,PSAD56,19,188181.640,5702691.240,-38.77203690,-72.59125070
18,463679,446142,transformador_dx,Inst. de distribució,38182311,KC24A,Puesta a tierra de p,Conductor Cobre,,PSAD56,19,187612.331,5699639.326,-38.79928300,-72.59917250
18,463847,416854,equipo,Inst. de distribució,39687170,KC24A,Puesta a tierra de p,Conductor Cobre,,PSAD56,19,186885.707,5699558.232,-38.79975450,-72.60756020
18,464214,441084,transformador_dx,Inst. de distribució,37687821,KC24A,Puesta a tierra de p,Conductor Cobre,,PSAD56,19,187319.049,5701084.556,-38.78618140,-72.60188810
18,464330,1717296458,transformador_dx,Inst. de distribució,38549238,KC24A,Puesta a tierra de p,Conductor Cobre,,PSAD56,19,187553.001,5700194.253,-38.79427120,-72.59960300
18,464895,422947,equipo,Inst. de distribució,38535483,KC24A,Puesta a tierra de p,Conductor Cobre,,PSAD56,19,187638.954,5702949.303,-38.76952400,-72.59736860
18,465819,,otro,Inst. de distribució,,KC24A,Puesta a tierra de p,Conductor Cobre,,PSAD56,19,187685.067,5703094.021,-38.76823880,-72.59677340
18,466710,,otro,Inst. de distribució,,KC24A,Puesta a tierra de p,Conductor Cobre,,PSAD56,19,187617.710,5703404.895,-38.76541910,-72.59740660
18,466722,5675085,transformador_dx,Inst. de distribució,39571498,KC24A,Puesta a tierra de p,Conductor Cobre,,PSAD56,19,187132.096,5698754.624,-38.80706920,-72.60509310
18,466836,417504,equipo,Inst. de distribució,,KC24A,Puesta a tierra de p,Conductor Cobre,,PSAD56,19,187799.493,5704150.580,-38.75877700,-72.59498150
18,467059,451472,transformador_dx,Inst. de distribució,38475630,KC24A,Puesta a tierra de p,Conductor Cobre,,PSAD56,19,187689.321,5702279.691,-38.77556410,-72.59709280
18,467453,417728,equipo,Inst. de distribució,38142299,KC24A,Puesta a tierra de p,Conductor Cobre,,PSAD56,19,187176.768,5703665.394,-38.76292010,-72.60235390
18,467744,,otro,Inst. de distribució,,KC24A,Puesta a tierra de p,Conductor Cobre,,PSAD56,19,187685.067,5703094.021,-38.76823880,-72.59677340
18,467818,438852,transformador_dx,Inst. de distribució,37736939,KC24A,Puesta a tierra de p,Conductor Cobre,,PSAD56,19,187544.670,5703653.730,-38.76315530,-72.59813310
18,468232,1717333830,equipo,Inst. de distribució,40137938,KC24A,Puesta a tierra de p,Conductor Cobre,,PSAD56,19,187453.208,5698057.550,-38.81345230,-72.60171830
18,468553,417813,equipo,Inst. de distribució,38721978,KC24A,Puesta a tierra de p,Conductor Cobre,,PSAD56,19,188008.122,5702693.996,-38.77195080,-72.59324290
18,468873,448085,transformador_dx,Inst. de distribució,37857401,KC24A,Puesta a tierra de p,Conductor Cobre,,PSAD56,19,188996.379,5699230.202,-38.80345200,-72.58345030
18,468993,428366,equipo,Inst. de distribució,39911419,KC24A,Puesta a tierra de p,Conductor Cobre,,PSAD56,19,187660.956,5703346.618,-38.76595850,-72.59693620
18,469052,8850679,equipo,Inst. de distribució,37836503,KC24A,Puesta a tierra de p,Conductor Cobre,,PSAD56,19,186914.428,5703802.585,-38.76159320,-72.60530520
18,469267,2252907,transformador_dx,Inst. de distribució,39928740,KC24A,Puesta a tierra de p,Conductor Cobre,,PSAD56,19,187337.901,5702799.337,-38.77076610,-72.60089500
18,469420,432640,equipo,Inst. de distribució,39582296,KC24A,Puesta a tierra de p,Conductor Cobre,,PSAD56,19,188524.630,5701501.992,-38.78285380,-72.58784670
18,469736,1717296209,transformador_dx,Inst. de distribució,37786533,KC24A,Puesta a tierra de p,Conductor Cobre,,PSAD56,19,188009.156,5700932.231,-38.78779580,-72.59402720
18,469774,438852,transformador_dx,Inst. de distribució,37736939,KC24A,Puesta a tierra de p,Conductor Cobre,,PSAD56,19,187544.670,5703653.730,-38.76315530,-72.59813310
18,470301,1717193283,equipo,Inst. de distribució,39184164,KC24A,Puesta a tierra de p,Conductor Cobre,,PSAD56,19,187638.933,5702667.897,-38.77205490,-72.59749610
18,470427,443371,transformador_dx,Inst. de distribució,39023557,KC24A,Puesta a tierra de p,Conductor Cobre,,PSAD56,19,188568.656,5702677.826,-38.77229430,-72.58681050
18,470561,447002,transformador_dx,Inst. de distribució,37655891,KC24A,Puesta a tierra de p,Conductor Cobre,,PSAD56,19,187236.739,5700278.221,-38.79340390,-72.60319940
18,470650,,otro,Inst. de distribució,,KC24A,Puesta a tierra de p,Conductor Cobre,,PSAD56,19,187256.132,5703768.702,-38.76201910,-72.60139550
18,470809,442177,transformador_dx,Inst. de distribució,38634838,KC24A,Puesta a tierra de p,Conductor Cobre,,PSAD56,19,188447.986,5702623.823,-38.77273730,-72.58822120
18,470933,451472,transformador_dx,Inst. de distribució,38475630,KC24A,Puesta a tierra de p,Conductor Cobre,,PSAD56,19,187689.321,5702279.691,-38.77556410,-72.59709280
18,471064,446609,transformador_dx,Inst. de distribució,38187358,KC24A,Puesta a tierra de p,Conductor Cobre,,PSAD56,19,186516.011,5699418.286,-38.80088170,-72.61187260
18,471355,428476,equipo,Inst. de distribució,40271288,KC24A,Puesta a tierra de p,Conductor Cobre,,PSAD56,19,187586.957,5704000.577,-38.76005090,-72.59749050
18,471514,449799,transformador_dx,Inst. de distribució,39972343,KC24A,Puesta a tierra de p,Conductor Cobre,,PSAD56,19,188472.415,5700539.527,-38.79149140,-72.58888120
18,471604,,otro,Inst. de distribució,,KC24A,Puesta a tierra de p,Conductor Cobre,,PSAD56,19,187680.394,5702317.638,-38.77521960,-72.59717820
18,471849,2305444,transformador_dx,Inst. de distribució,38591959,KC24A,Puesta a tierra de p,Conductor Cobre,,PSAD56,19,187270.162,5703543.488,-38.76404960,-72.60133630
18,472177,417063,equipo,Inst. de distribució,38302155,KC24A,Puesta a tierra de p,Conductor Cobre,,PSAD56,19,187630.911,5699724.572,-38.79852290,-72.59892040
18,472332,,otro,Inst. de distribució,,KC24A,Puesta a tierra de p,Conductor Cobre,,PSAD56,19,188019.756,5702617.684,-38.77264120,-72.59314370
18,472374,428310,equipo,Inst. de distribució,,KC24A,Puesta a tierra de p,Conductor Cobre,,PSAD56,19,188669.988,5702728.875,-38.77187090,-72.58562330
18,473030,451849,transformador_dx,Inst. de distribució,40258404,KC24A,Puesta a tierra de p,Conductor Cobre,,PSAD56,19,187474.046,5702808.202,-38.77073460,-72.59932690
18,473515,444667,transformador_dx,Inst. de distribució,38520204,KC24A,Puesta a tierra de p,Conductor Cobre,,PSAD56,19,185975.968,5697153.860,-38.82105410,-72.61911080
18,473924,421712,equipo,Inst. de distribució,38137635,KC24A,Puesta a tierra de p,Conductor Cobre,,PSAD56,19,188490.536,5699860.297,-38.79760650,-72.58897960
18,473960,1716730138,transformador_dx,Inst. de distribució,37838029,KC24A,Puesta a tierra de p,Conductor Cobre,,PSAD56,19,186741.685,5698131.715,-38.81253250,-72.60986350
18,474208,8161565,transformador_dx,Inst. de distribució,39750687,KC24A,Puesta a tierra de p,Conductor Cobre,,PSAD56,19,186969.151,5703736.072,-38.76221080,-72.60470680
18,474346,442644,transformador_dx,Inst. de distribució,38204915,KC24A,Puesta a tierra de p,Conductor Cobre,,PSAD56,19,186940.402,5703824.164,-38.76140840,-72.60499710
18,474365,444327,transformador_dx,Inst. de distribució,39112729,KC24A,Puesta a tierra de p,Conductor Cobre,,PSAD56,19,186683.456,5700371.717,-38.79236660,-72.60951510
18,474445,,otro,Inst. de distribució,,KC24A,Puesta a tierra de p,Conductor Cobre,,PSAD56,19,187256.132,5703768.702,-38.76201910,-72.60139550
18,474463,431714,equipo,Inst. de distribució,38321559,KC24A,Puesta a tierra de p,Conductor Cobre,,PSAD56,19,188830.731,5699360.066,-38.80222560,-72.58529560
18,474982,439318,transformador_dx,Inst. de distribució,39066333,KC24A,Puesta a tierra de p,Conductor Cobre,,PSAD56,19,188157.431,5703106.602,-38.76829270,-72.59134130
18,475126,,otro,Inst. de distribució,,KC24A,Puesta a tierra de p,Conductor Cobre,,PSAD56,19,188181.640,5702691.240,-38.77203690,-72.59125070
18,475311,441609,transformador_dx,Inst. de distribució,38489695,KC24A,Puesta a tierra de p,Conductor Cobre,,PSAD56,19,187630.645,5702915.698,-38.76982330,-72.59747920
18,475362,9062027,transformador_dx,Inst. de distribució,38868941,KC24A,Puesta a tierra de p,Conductor Cobre,,PSAD56,19,187778.202,5700585.414,-38.79083310,-72.59683800
18,475829,427621,equipo,Inst. de distribució,39587970,KC24A,Puesta a tierra de p,Conductor Cobre,,PSAD56,19,187198.798,5703724.673,-38.76239480,-72.60207400
18,475860,1716355592,transformador_dx,Inst. de distribució,36923293,KC24A,Puesta a tierra de p,Conductor Cobre,,PSAD56,19,187564.705,5702030.528,-38.77776080,-72.59863720
18,476004,,otro,Inst. de distribució,,KC24A,Puesta a tierra de p,Conductor Cobre,,PSAD56,19,187998.072,5703085.394,-38.76842720,-72.59318150
18,476031,448428,transformador_dx,Inst. de distribució,39730405,KC24A,Puesta a tierra de p,Conductor Cobre,,PSAD56,19,187453.076,5703906.303,-38.76085140,-72.59907100
18,476217,449344,transformador_dx,Inst. de distribució,39229961,KC24A,Puesta a tierra de p,Conductor Cobre,,PSAD56,19,188547.724,5698762.222,-38.80750240,-72.58881830
18,476221,,otro,Inst. de distribució,,KC24A,Puesta a tierra de p,Conductor Cobre,,PSAD56,19,187617.710,5703404.895,-38.76541910,-72.59740660
18,476675,,otro,Inst. de distribució,,KC24A,Puesta a tierra de p,Conductor Cobre,,PSAD56,19,188440.878,5701338.483,-38.78429470,-72.58888290
18,477114,9671725,transformador_dx,Inst. de distribució,38774913,KC24A,Puesta a tierra de p,Conductor Cobre,,PSAD56,19,187620.328,5703947.067,-38.76054400,-72.59713140
18,477135,426511,equipo,Inst. de distribució,39829724,KC24A,Puesta a tierra de p,Conductor Cobre,,PSAD56,19,187622.697,5702891.344,-38.77003950,-72.59758160
18,624138,624134,transformador_dx,Inst. de distribució,39951390,KC24A,Puesta a tierra de p,Conductor Cobre,,PSAD56,19,188536.650,5701377.438,-38.78397820,-72.58776480
18,641905,,otro,Inst. de prop. terce,,KC24A,Puesta a tierra de p,Conductor Cobre,,PSAD56,19,186751.098,5702476.252,-38.77346360,-72.60778280
18,807968,,otro,Inst. de distribució,,KB24A,Puesta a tierra de s,Conductor Cobre,,PSAD56,19,185958.529,5697168.638,-38.82091490,-72.61930460
18,807981,,otro,Inst. de distribució,,KB24A,Puesta a tierra de s,Conductor Cobre,,PSAD56,19,187535.890,5698708.584,-38.80762650,-72.60047280
18,808012,,otro,Inst. de distribució,,KB24A,Puesta a tierra de s,Conductor Cobre,,PSAD56,19,187552.928,5700168.348,-38.79450420,-72.59961560
18,808114,,otro,Inst. de distribució,,KB24A,Puesta a tierra de s,Conductor Cobre,,PSAD56,19,187694.496,5702251.121,-38.77582280,-72.59704620
18,808380,,otro,Inst. de distribució,,KB24A,Puesta a tierra de s,Conductor Cobre,,PSAD56,19,186951.698,5703743.765,-38.76213550,-72.60490370
18,808381,,otro,Inst. de distribució,,KB24A,Puesta a tierra de s,Conductor Cobre,,PSAD56,19,187423.585,5703885.643,-38.76102670,-72.59941910
18,808446,,otro,Inst. de distribució,,KB24A,Puesta a tierra de s,Conductor Cobre,,PSAD56,19,187617.571,5703328.851,-38.76610300,-72.59744260
18,809438,,otro,Inst. de distribució,,KB24A,Puesta a tierra de s,Conductor Cobre,,PSAD56,19,187746.355,5702387.816,-38.77461180,-72.59638860
18,809870,9448955,equipo,Inst. de distribució,,KB24A,Puesta a tierra de s,Conductor Cobre,,PSAD56,19,187712.099,5702677.089,-38.77199810,-72.59665140
18,810136,,otro,Inst. de distribució,,KB24A,Puesta a tierra de s,Conductor Cobre,,PSAD56,19,187054.045,5703832.422,-38.76137440,-72.60368800
18,810139,,otro,Inst. de distribució,,KB24A,Puesta a tierra de s,Conductor Cobre,,PSAD56,19,187022.570,5703712.235,-38.76244420,-72.60410390
18,810303,,otro,Inst. de distribució,,KB24A,Puesta a tierra de s,Conductor Cobre,,PSAD56,19,187254.114,5704002.105,-38.75991930,-72.60131300
18,810380,,otro,Inst. de distribució,,KB24A,Puesta a tierra de s,Conductor Cobre,,PSAD56,19,187717.492,5703421.599,-38.76530420,-72.59625280
18,810381,,otro,Inst. de distribució,,KB24A,Puesta a tierra de s,Conductor Cobre,,PSAD56,19,187753.500,5703530.081,-38.76434130,-72.59579020
18,810382,,otro,Inst. de distribució,,KB24A,Puesta a tierra de s,Conductor Cobre,,PSAD56,19,187874.811,5703489.990,-38.76474480,-72.59441470
18,810387,,otro,Inst. de distribució,,KB24A,Puesta a tierra de s,Conductor Cobre,,PSAD56,19,187669.567,5702961.479,-38.76942540,-72.59701140
18,810389,,otro,Inst. de distribució,,KB24A,Puesta a tierra de s,Conductor Cobre,,PSAD56,19,187529.847,5702746.333,-38.77131080,-72.59871380
18,810394,,otro,Inst. de distribució,,KB24A,Puesta a tierra de s,Conductor Cobre,,PSAD56,19,187376.071,5703296.121,-38.76631180,-72.60023160
18,810502,,otro,Inst. de distribució,,KB24A,Puesta a tierra de s,Conductor Cobre,,PSAD56,19,187748.011,5703610.121,-38.76361950,-72.59581700
18,810563,,otro,Inst. de distribució,,KB24A,Puesta a tierra de s,Conductor Cobre,,PSAD56,19,188216.708,5703245.518,-38.76706430,-72.59059760
18,810567,,otro,Inst. de distribució,,KB24A,Puesta a tierra de s,Conductor Cobre,,PSAD56,19,187957.854,5703083.104,-38.76843350,-72.59364460
18,811554,1717191930,equipo,Inst. de distribució,40102491,KB24A,Puesta a tierra de s,Conductor Cobre,,PSAD56,19,188648.221,5702718.269,-38.77195860,-72.58587810
18,812327,,otro,Inst. de distribució,,KB24A,Puesta a tierra de s,Conductor Cobre,,PSAD56,19,187337.250,5703962.181,-38.76030780,-72.60037620
18,812403,422947,equipo,Inst. de distribució,38535483,KB24A,Puesta a tierra de s,Conductor Cobre,,PSAD56,19,187638.954,5702949.303,-38.76952400,-72.59736860
18,812559,,otro,Inst. de distribució,,KB24A,Puesta a tierra de s,Conductor Cobre,,PSAD56,19,188196.525,5703009.819,-38.76917700,-72.59093580
18,813400,,otro,Inst. de distribució,,KB24A,Puesta a tierra de s,Conductor Cobre,,PSAD56,19,188214.744,5698875.961,-38.80636170,-72.59259420
18,814113,,otro,Inst. de distribució,,KB24A,Puesta a tierra de s,Conductor Cobre,,PSAD56,19,187658.489,5703165.444,-38.76758710,-72.59704640
18,814301,,otro,Inst. de distribució,,KB24A,Puesta a tierra de s,Conductor Cobre,,PSAD56,19,187458.163,5703983.454,-38.76015930,-72.59897770
18,814549,,otro,Inst. de distribució,,KB24A,Puesta a tierra de s,Conductor Cobre,,PSAD56,19,188230.821,5703057.523,-38.76876010,-72.59052030
18,814624,,otro,Inst. de distribució,,KB24A,Puesta a tierra de s,Conductor Cobre,,PSAD56,19,188202.499,5702694.090,-38.77201870,-72.59100970
18,814627,,otro,Inst. de distribució,,KB24A,Puesta a tierra de s,Conductor Cobre,,PSAD56,19,188262.133,5702622.275,-38.77268560,-72.59035710
18,815379,,otro,Inst. de distribució,,KB24A,Puesta a tierra de s,Conductor Cobre,,PSAD56,19,187779.100,5702250.367,-38.77585960,-72.59607460
18,815430,,otro,Inst. de distribució,,KB24A,Puesta a tierra de s,Conductor Cobre,,PSAD56,19,188050.506,5702362.994,-38.77494270,-72.59290550
18,815431,,otro,Inst. de distribució,,KB24A,Puesta a tierra de s,Conductor Cobre,,PSAD56,19,188119.533,5702465.747,-38.77404300,-72.59206600
18,815486,,otro,Inst. de distribució,,KB24A,Puesta a tierra de s,Conductor Cobre,,PSAD56,19,188293.490,5702639.338,-38.77254320,-72.58998910
18,815867,,otro,Inst. de distribució,,KB24A,Puesta a tierra de s,Conductor Cobre,,PSAD56,19,187956.830,5700896.861,-38.78809530,-72.59464450
18,816271,,otro,Inst. de distribució,,KB24A,Puesta a tierra de s,Conductor Cobre,,PSAD56,19,186773.291,5703681.256,-38.76263430,-72.60698140
18,816272,,otro,Inst. de distribució,,KB24A,Puesta a tierra de s,Conductor Cobre,,PSAD56,19,187232.582,5703582.404,-38.76368630,-72.60175030
18,816273,,otro,Inst. de distribució,,KB24A,Puesta a tierra de s,Conductor Cobre,,PSAD56,19,187253.025,5703775.717,-38.76195490,-72.60142800
18,816356,,otro,Inst. de distribució,,KB24A,Puesta a tierra de s,Conductor Cobre,,PSAD56,19,187451.172,5703618.525,-38.76343880,-72.59922300
18,816358,8106876,equipo,Inst. de distribució,38334019,KB24A,Puesta a tierra de s,Conductor Cobre,,PSAD56,19,187596.519,5703433.704,-38.76515250,-72.59763700
18,816359,,otro,Inst. de distribució,,KB24A,Puesta a tierra de s,Conductor Cobre,,PSAD56,19,187532.402,5703518.353,-38.76436850,-72.59833530
18,817486,,otro,Inst. de distribució,,KB24A,Puesta a tierra de s,Conductor Cobre,,PSAD56,19,188539.572,5702666.117,-38.77238930,-72.58714990
18,817834,,otro,Inst. de distribució,,KB24A,Puesta a tierra de s,Conductor Cobre,,PSAD56,19,188896.505,5699278.714,-38.80298050,-72.58457630
18,817874,,otro,Inst. de distribució,,KB24A,Puesta a tierra de s,Conductor Cobre,,PSAD56,19,186651.357,5700375.567,-38.79232060,-72.60988220
18,817875,,otro,Inst. de distribució,,KB24A,Puesta a tierra de s,Conductor Cobre,,PSAD56,19,187412.121,5701412.537,-38.78326470,-72.60067010
18,818293,,otro,Inst. de distribució,,KB24A,Puesta a tierra de s,Conductor Cobre,,PSAD56,19,187243.944,5703578.144,-38.76372860,-72.60162180
18,818371,,otro,Inst. de distribució,,KB24A,Puesta a tierra de s,Conductor Cobre,,PSAD56,19,187514.759,5703631.387,-38.76334570,-72.59848680
18,818404,,otro,Inst. de distribució,,KB24A,Puesta a tierra de s,Conductor Cobre,,PSAD56,19,187697.494,5703127.915,-38.76793840,-72.59661530
18,818408,,otro,Inst. de distribució,,KB24A,Puesta a tierra de s,Conductor Cobre,,PSAD56,19,187814.679,5703094.599,-38.76827950,-72.59528420
18,818579,,otro,Inst. de distribució,,KB24A,Puesta a tierra de s,Conductor Cobre,,PSAD56,19,188203.100,5703249.719,-38.76702180,-72.59075200
18,819580,,otro,Inst. de distribució,,KB24A,Puesta a tierra de s,Conductor Cobre,,PSAD56,19,186723.950,5698131.203,-38.81253080,-72.61006760
18,819837,,otro,Inst. de distribució,,KB24A,Puesta a tierra de s,Conductor Cobre,,PSAD56,19,188512.215,5698729.509,-38.80778400,-72.58924130
18,819869,,otro,Inst. de distribució,,KB24A,Puesta a tierra de s,Conductor Cobre,,PSAD56,19,187915.597,5700861.712,-38.78839690,-72.59513420
18,819885,,otro,Inst. de distribució,,KB24A,Puesta a tierra de s,Conductor Cobre,,PSAD56,19,188468.786,5701412.194,-38.78364170,-72.58852890
18,819893,,otro,Inst. de distribució,,KB24A,Puesta a tierra de s,Conductor Cobre,,PSAD56,19,187409.118,5697974.778,-38.81418100,-72.60226270
18,819928,,otro,Inst. de distribució,,KB24A,Puesta a tierra de s,Conductor Cobre,,PSAD56,19,186438.319,5699720.312,-38.79813780,-72.61262820
18,819929,,otro,Inst. de distribució,,KB24A,Puesta a tierra de s,Conductor Cobre,,PSAD56,19,186823.205,5699602.831,-38.79933120,-72.60825830
18,820114,,otro,Inst. de distribució,,KB24A,Puesta a tierra de s,Conductor Cobre,,PSAD56,19,187091.807,5703764.638,-38.76199740,-72.60328490
18,820296,,otro,Inst. de distribució,,KB24A,Puesta a tierra de s,Conductor Cobre,,PSAD56,19,187332.053,5703906.189,-38.76080950,-72.60046120
18,820369,,otro,Inst. de distribució,,KB24A,Puesta a tierra de s,Conductor Cobre,,PSAD56,19,187420.733,5703724.601,-38.76247410,-72.59952470
18,821374,1717193283,equipo,Inst. de distribució,39184164,KB24A,Puesta a tierra de s,Conductor Cobre,,PSAD56,19,187638.933,5702667.897,-38.77205490,-72.59749610
18,821541,,otro,Inst. de distribució,,KB24A,Puesta a tierra de s,Conductor Cobre,,PSAD56,19,186619.151,5698715.711,-38.80723690,-72.61100660
18,821867,,otro,Inst. de distribució,,KB24A,Puesta a tierra de s,Conductor Cobre,,PSAD56,19,187569.617,5702008.513,-38.77796050,-72.59859080
18,822274,,otro,Inst. de distribució,,KB24A,Puesta a tierra de s,Conductor Cobre,,PSAD56,19,186910.449,5703711.490,-38.76241110,-72.60539220
18,823872,,otro,Inst. de distribució,,KB24A,Puesta a tierra de s,Conductor Cobre,,PSAD56,19,186526.114,5698316.965,-38.81078980,-72.61225720
18,824258,,otro,Inst. de distribució,,KB24A,Puesta a tierra de s,Conductor Cobre,,PSAD56,19,187288.048,5703790.598,-38.76183350,-72.60101900
18,824337,,otro,Inst. de distribució,,KB24A,Puesta a tierra de s,Conductor Cobre,,PSAD56,19,187765.045,5703409.277,-38.76543180,-72.59571210
18,824347,,otro,Inst. de distribució,,KB24A,Puesta a tierra de s,Conductor Cobre,,PSAD56,19,187490.967,5703573.922,-38.76385410,-72.59878610
18,824384,,otro,Inst. de distribució,,KB24A,Puesta a tierra de s,Conductor Cobre,,PSAD56,19,187812.381,5703290.896,-38.76651330,-72.59522190
18,824465,,otro,Inst. de distribució,,KB24A,Puesta a tierra de s,Conductor Cobre,,PSAD56,19,188051.827,5703270.891,-38.76677790,-72.59248020
18,824551,,otro,Inst. de distribució,,KB24A,Puesta a tierra de s,Conductor Cobre,,PSAD56,19,188084.983,5702619.238,-38.77265030,-72.59239360
18,825364,,otro,Inst. de distribució,,KB24A,Puesta a tierra de s,Conductor Cobre,,PSAD56,19,187855.662,5702419.470,-38.77436580,-72.59511850
18,825429,,otro,Inst. de distribució,,KB24A,Puesta a tierra de s,Conductor Cobre,,PSAD56,19,188416.073,5702608.443,-38.77286440,-72.58859470
18,825454,,otro,Inst. de distribució,,KB24A,Puesta a tierra de s,Conductor Cobre,,PSAD56,19,188145.392,5702552.313,-38.77327360,-72.59172980
18,1983959,,otro,Inst. de distribució,,KC24A,Puesta a tierra de p,Conductor Cobre,,PSAD56,19,187673.484,5702452.435,-38.77400490,-72.59719660
18,1984064,,otro,Inst. de distribució,,KB24A,Puesta a tierra de s,Conductor Cobre,,PSAD56,19,187741.716,5702436.402,-38.77417320,-72.59641990
18,1985103,1983956,transformador_dx,Inst. de distribució,36122458,KB24A,Puesta a tierra de s,Conductor Cobre,,PSAD56,19,187658.705,5702455.218,-38.77397460,-72.59736510
18,1985169,,otro,Inst. de distribució,,KB24A,Puesta a tierra de s,Conductor Cobre,,PSAD56,19,187668.541,5702369.365,-38.77475020,-72.59729100
18,1985246,,otro,Inst. de distribució,,KB24A,Puesta a tierra de s,Conductor Cobre,,PSAD56,19,187787.508,5702392.915,-38.77458050,-72.59591350
18,1986743,5237861,transformador_dx,Inst. de distribució,38403907,KB24A,Puesta a tierra de s,Conductor Cobre,,PSAD56,19,187584.967,5702248.308,-38.77580940,-72.59830590
18,2031106,2031103,equipo,Inst. de prop. terce,38044769,KC24A,Puesta a tierra de p,Conductor Cobre,,PSAD56,19,187489.572,5701677.023,-38.78091340,-72.59966050
18,2031107,2031105,transformador_dx,Inst. de prop. terce,38956180,KC24A,Puesta a tierra de p,Conductor Cobre,,PSAD56,19,187475.040,5701674.470,-38.78093120,-72.59982860
18,2046113,,otro,Inst. de distribució,,KB24A,Puesta a tierra de s,Conductor Cobre,,PSAD56,19,187596.058,5703978.442,-38.76025320,-72.59739600
18,2046114,,otro,Inst. de distribució,,KB24A,Puesta a tierra de s,Conductor Cobre,,PSAD56,19,187732.601,5703947.772,-38.76057740,-72.59584150
18,2046136,,otro,Inst. de distribució,,KB24A,Puesta a tierra de s,Conductor Cobre,,PSAD56,19,187505.328,5703924.192,-38.76070900,-72.59846270
18,2046247,,otro,Inst. de distribució,,KB24A,Puesta a tierra de s,Conductor Cobre,,PSAD56,19,187620.237,5703773.892,-38.76210140,-72.59721070
18,2046253,,otro,Inst. de distribució,,KB24A,Puesta a tierra de s,Conductor Cobre,,PSAD56,19,187449.470,5703666.870,-38.76300350,-72.59922070
18,2050848,446041,transformador_dx,Inst. de distribució,39721097,KC24A,Puesta a tierra de p,Conductor Cobre,,PSAD56,19,187550.863,5699143.142,-38.80372370,-72.60010380
18,2051112,,otro,Inst. de distribució,,KC24A,Puesta a tierra de p,Conductor Cobre,,PSAD56,19,187480.919,5698150.699,-38.81262440,-72.60135760
18,2051922,449700,transformador_dx,Inst. de distribució,40279088,KC24A,Puesta a tierra de p,Conductor Cobre,,PSAD56,19,186834.045,5697680.129,-38.81662670,-72.60900710
18,2153999,2153950,equipo,Inst. de distribució,39188304,KC24A,Puesta a tierra de p,Conductor Cobre,,PSAD56,19,187920.419,5702320.010,-38.77528320,-72.59441950
18,2154010,2154009,transformador_dx,Inst. de distribució,38403401,KC24A,Puesta a tierra de p,Conductor Cobre,,PSAD56,19,187860.445,5702305.921,-38.77538870,-72.59511490
18,2154011,2154004,transformador_dx,Inst. de distribució,39500725,KC24A,Puesta a tierra de p,Conductor Cobre,,PSAD56,19,187954.682,5702186.688,-38.77649440,-72.59408610
18,2154064,,otro,Inst. de distribució,,KB24A,Puesta a tierra de s,Conductor Cobre,,PSAD56,19,188005.873,5702197.607,-38.77641430,-72.59349300
18,2154092,,otro,Inst. de distribució,,KB24A,Puesta a tierra de s,Conductor Cobre,,PSAD56,19,187949.274,5702221.030,-38.77618360,-72.59413270
18,2154093,,otro,Inst. de distribució,,KB24A,Puesta a tierra de s,Conductor Cobre,,PSAD56,19,187893.555,5702337.702,-38.77511460,-72.59472010
18,2154133,,otro,Inst. de distribució,,KB24A,Puesta a tierra de s,Conductor Cobre,,PSAD56,19,187822.279,5702202.242,-38.77630770,-72.59560020
18,2154161,,otro,Inst. de distribució,,KB24A,Puesta a tierra de s,Conductor Cobre,,PSAD56,19,187827.558,5702301.610,-38.77541590,-72.59549470
18,2154184,,otro,Inst. de distribució,,KB24A,Puesta a tierra de s,Conductor Cobre,,PSAD56,19,187847.001,5702160.643,-38.77669060,-72.59533500
18,2154221,,otro,Inst. de distribució,,KB24A,Puesta a tierra de s,Conductor Cobre,,PSAD56,19,187868.206,5702219.491,-38.77616880,-72.59506480
18,2154249,,otro,Inst. de distribució,,KB24A,Puesta a tierra de s,Conductor Cobre,,PSAD56,19,187828.069,5702148.257,-38.77679520,-72.59555810
18,2187460,,otro,Inst. de distribució,,KB24A,Puesta a tierra de s,Conductor Cobre,,PSAD56,19,187072.000,5698972.644,-38.80508710,-72.60568490
18,2195294,,otro,Inst. de distribució,,KB24A,Puesta a tierra de s,Conductor Cobre,,PSAD56,19,187815.919,5703559.136,-38.76410210,-72.59506000
18,2195295,,otro,Inst. de distribució,,KB24A,Puesta a tierra de s,Conductor Cobre,,PSAD56,19,187893.215,5703447.267,-38.76513550,-72.59422260
18,2195296,,otro,Inst. de distribució,,KB24A,Puesta a tierra de s,Conductor Cobre,,PSAD56,19,187814.415,5703503.938,-38.76459800,-72.59510220
18,2204958,2195741,transformador_dx,Inst. de distribució,38475877,KC24A,Puesta a tierra de p,Conductor Cobre,,PSAD56,19,187764.044,5703419.298,-38.76534140,-72.59571910
18,2220640,2220641,equipo,Inst. de prop. terce,40115471,KC24A,Puesta a tierra de p,Conductor Cobre,,PSAD56,19,187640.052,5703922.327,-38.76077350,-72.59691600
18,2220646,444085,transformador_dx,Inst. de prop. terce,,KC24A,Puesta a tierra de p,Conductor Cobre,,PSAD56,19,187626.295,5703917.721,-38.76081000,-72.59707610
18,2234057,2234058,equipo,Inst. de prop. terce,37832690,KC24A,Puesta a tierra de p,Conductor Cobre,,PSAD56,19,187016.752,5703886.799,-38.76087220,-72.60409170
18,2234065,621645,transformador_dx,Inst. de prop. terce,,KC24A,Puesta a tierra de p,Conductor Cobre,,PSAD56,19,187013.079,5703897.004,-38.76077910,-72.60412930
18,2238971,2238970,equipo,Inst. de prop. terce,37624949,KC24A,Puesta a tierra de p,Conductor Cobre,,PSAD56,19,186873.271,5703768.261,-38.76188730,-72.60579350
18,2238986,,otro,Inst. de prop. terce,,KC24A,Puesta a tierra de p,Conductor Cobre,,PSAD56,19,186868.790,5703777.323,-38.76180420,-72.60584090
18,2242428,,otro,Inst. de distribució,,KB24A,Puesta a tierra de s,Conductor Cobre,,PSAD56,19,188133.324,5702696.071,-38.77197640,-72.59180360
18,2242429,,otro,Inst. de distribució,,KB24A,Puesta a tierra de s,Conductor Cobre,,PSAD56,19,188084.728,5702599.231,-38.77283020,-72.59240560
18,2242438,,otro,Inst. de distribució,,KB24A,Puesta a tierra de s,Conductor Cobre,,PSAD56,19,188210.970,5702644.049,-38.77247170,-72.59093500
18,2242439,,otro,Inst. de distribució,,KB24A,Puesta a tierra de s,Conductor Cobre,,PSAD56,19,188175.255,5702611.793,-38.77274920,-72.59135990
18,2242447,,otro,Inst. de distribució,,KB24A,Puesta a tierra de s,Conductor Cobre,,PSAD56,19,187644.501,5702707.137,-38.77170390,-72.59741440
18,2242458,8190940,equipo,Inst. de distribució,39918656,KB24A,Puesta a tierra de s,Conductor Cobre,,PSAD56,19,187595.134,5702416.112,-38.77430380,-72.59811320
18,2243339,,otro,Inst. de distribució,,KB24A,Puesta a tierra de s,Conductor Cobre,,PSAD56,19,187604.376,5702308.191,-38.77527770,-72.59805580
18,2243340,,otro,Inst. de distribució,,KB24A,Puesta a tierra de s,Conductor Cobre,,PSAD56,19,187760.419,5702209.559,-38.77622000,-72.59630760
18,2244173,,otro,Inst. de distribució,,KB24A,Puesta a tierra de s,Conductor Cobre,,PSAD56,19,187442.500,5703992.812,-38.76006960,-72.59915340
18,2244174,,otro,Inst. de distribució,,KB24A,Puesta a tierra de s,Conductor Cobre,,PSAD56,19,187337.595,5703867.278,-38.76116140,-72.60041510
18,2244227,,otro,Inst. de distribució,,KB24A,Puesta a tierra de s,Conductor Cobre,,PSAD56,19,187297.027,5703990.369,-38.76004000,-72.60082540
18,2244369,,otro,Inst. de distribució,,KB24A,Puesta a tierra de s,Conductor Cobre,,PSAD56,19,187213.383,5703945.575,-38.76041330,-72.60180650
18,2244370,,otro,Inst. de distribució,,KB24A,Puesta a tierra de s,Conductor Cobre,,PSAD56,19,187275.476,5703948.782,-38.76040640,-72.60109180
18,2244371,,otro,Inst. de distribució,,KB24A,Puesta a tierra de s,Conductor Cobre,,PSAD56,19,187303.315,5703937.620,-38.76051670,-72.60077710
18,2244388,,otro,Inst. de distribució,,KB24A,Puesta a tierra de s,Conductor Cobre,,PSAD56,19,187259.390,5703842.343,-38.76135800,-72.60132470
18,2244409,,otro,Inst. de distribució,,KB24A,Puesta a tierra de s,Conductor Cobre,,PSAD56,19,187288.562,5703867.445,-38.76114260,-72.60097830
18,2247590,,otro,Inst. de distribució,,KB24A,Puesta a tierra de s,Conductor Cobre,,PSAD56,19,187085.091,5703813.435,-38.76155620,-72.60333990
18,2247592,,otro,Inst. de distribució,,KB24A,Puesta a tierra de s,Conductor Cobre,,PSAD56,19,186975.017,5703765.198,-38.76195100,-72.60462620
18,2247608,,otro,Inst. de distribució,,KB24A,Puesta a tierra de s,Conductor Cobre,,PSAD56,19,186968.716,5703665.926,-38.76284150,-72.60474350
18,2247734,,otro,Inst. de distribució,,KB24A,Puesta a tierra de s,Conductor Cobre,,PSAD56,19,187546.172,5702812.891,-38.77071800,-72.59849620
18,2247746,,otro,Inst. de distribució,,KB24A,Puesta a tierra de s,Conductor Cobre,,PSAD56,19,187307.750,5702797.747,-38.77076970,-72.60124210
18,2247750,,otro,Inst. de distribució,,KB24A,Puesta a tierra de s,Conductor Cobre,,PSAD56,19,187403.936,5702803.636,-38.77075090,-72.60013440
18,2247756,,otro,Inst. de distribució,,KB24A,Puesta a tierra de s,Conductor Cobre,,PSAD56,19,187285.235,5702737.020,-38.77130790,-72.60152820
18,2247764,,otro,Inst. de distribució,,KB24A,Puesta a tierra de s,Conductor Cobre,,PSAD56,19,188595.313,5702690.930,-38.77218580,-72.58649830
18,2247768,,otro,Inst. de distribució,,KB24A,Puesta a tierra de s,Conductor Cobre,,PSAD56,19,188480.076,5702638.461,-38.77261700,-72.58784590
18,2247773,,otro,Inst. de distribució,,KB24A,Puesta a tierra de s,Conductor Cobre,,PSAD56,19,188509.419,5702665.779,-38.77238170,-72.58749650
18,2247832,,otro,Inst. de distribució,,KB24A,Puesta a tierra de s,Conductor Cobre,,PSAD56,19,188373.260,5702673.190,-38.77226700,-72.58905740
18,2247844,,otro,Inst. de distribució,,KB24A,Puesta a tierra de s,Conductor Cobre,,PSAD56,19,188409.001,5702676.692,-38.77224810,-72.58864520
18,2247849,,otro,Inst. de distribució,,KB24A,Puesta a tierra de s,Conductor Cobre,,PSAD56,19,188281.420,5702578.748,-38.77308390,-72.59015510
18,2247850,,otro,Inst. de distribució,,KB24A,Puesta a tierra de s,Conductor Cobre,,PSAD56,19,188324.168,5702572.935,-38.77315130,-72.58966660
18,2247856,,otro,Inst. de distribució,,KB24A,Puesta a tierra de s,Conductor Cobre,,PSAD56,19,188192.466,5702557.577,-38.77324290,-72.59118660
18,2248040,,otro,Inst. de distribució,,KB24A,Puesta a tierra de s,Conductor Cobre,,PSAD56,19,187804.415,5703703.723,-38.76279770,-72.59512680
18,2248052,,otro,Inst. de distribució,,KB24A,Puesta a tierra de s,Conductor Cobre,,PSAD56,19,187500.173,5704104.641,-38.75908430,-72.59844030
18,2248064,,otro,Inst. de distribució,,KB24A,Puesta a tierra de s,Conductor Cobre,,PSAD56,19,188025.762,5702587.828,-38.77291190,-72.59308820
18,2248072,,otro,Inst. de distribució,,KB24A,Puesta a tierra de s,Conductor Cobre,,PSAD56,19,188003.908,5702707.193,-38.77183060,-72.59328530
18,2248077,6775205,transformador_dx,Inst. de distribució,38326448,KB24A,Puesta a tierra de s,Conductor Cobre,,PSAD56,19,188060.335,5702537.269,-38.77337880,-72.59271380
18,2248104,,otro,Inst. de distribució,,KB24A,Puesta a tierra de s,Conductor Cobre,,PSAD56,19,188000.063,5702364.494,-38.77491140,-72.59348430
18,2248456,,otro,Inst. de distribució,,KB24A,Puesta a tierra de s,Conductor Cobre,,PSAD56,19,186971.542,5703849.264,-38.76119370,-72.60462800
18,2248463,,otro,Inst. de distribució,,KB24A,Puesta a tierra de s,Conductor Cobre,,PSAD56,19,187002.509,5703875.456,-38.76096910,-72.60426040
18,2248489,,otro,Inst. de distribució,,KB24A,Puesta a tierra de s,Conductor Cobre,,PSAD56,19,186717.907,5703621.366,-38.76315330,-72.60764470
18,2248497,,otro,Inst. de distribució,,KB24A,Puesta a tierra de s,Conductor Cobre,,PSAD56,19,186802.178,5703706.279,-38.76241950,-72.60663820
18,2248563,,otro,Inst. de distribució,,KB24A,Puesta a tierra de s,Conductor Cobre,,PSAD56,19,187338.248,5703590.508,-38.76365080,-72.60053290
18,2248565,,otro,Inst. de distribució,,KB24A,Puesta a tierra de s,Conductor Cobre,,PSAD56,19,187602.051,5703317.359,-38.76620080,-72.59762610
18,2248568,,otro,Inst. de distribució,,KB24A,Puesta a tierra de s,Conductor Cobre,,PSAD56,19,187603.413,5703288.957,-38.76645670,-72.59762330
18,2248600,,otro,Inst. de distribució,,KB24A,Puesta a tierra de s,Conductor Cobre,,PSAD56,19,187601.643,5703240.504,-38.76689190,-72.59766550
18,2248619,,otro,Inst. de distribució,,KB24A,Puesta a tierra de s,Conductor Cobre,,PSAD56,19,187572.472,5703673.768,-38.76298500,-72.59780470
18,2248622,,otro,Inst. de distribució,,KB24A,Puesta a tierra de s,Conductor Cobre,,PSAD56,19,187449.468,5703629.531,-38.76333930,-72.59923760
18,2248627,,otro,Inst. de distribució,,KB24A,Puesta a tierra de s,Conductor Cobre,,PSAD56,19,187690.007,5703691.026,-38.76287140,-72.59644680
18,2256547,2256545,equipo,Inst. de prop. terce,39509680,KC24A,Puesta a tierra de p,Conductor Cobre,,PSAD56,19,187698.349,5703299.164,-38.76639860,-72.59652810
18,2256555,2256554,equipo,Inst. de prop. terce,37834460,KC24A,Puesta a tierra de p,Conductor Cobre,,PSAD56,19,187690.945,5703303.194,-38.76635970,-72.59661130
18,2280571,2280572,transformador_dx,Inst. de distribució,37753202,KC24A,Puesta a tierra de p,Conductor Cobre,,PSAD56,19,187602.094,5702551.663,-38.77308720,-72.59797190
18,2293588,,otro,Inst. de distribució,,KB24A,Puesta a tierra de s,Conductor Cobre,,PSAD56,19,188253.184,5702765.154,-38.77139740,-72.59039540
18,2293589,,otro,Inst. de distribució,,KB24A,Puesta a tierra de s,Conductor Cobre,,PSAD56,19,188271.523,5702654.184,-38.77240200,-72.59023480
18,2293590,,otro,Inst. de distribució,,KB24A,Puesta a tierra de s,Conductor Cobre,,PSAD56,19,188133.324,5702696.071,-38.77197640,-72.59180360
18,2965396,6775205,transformador_dx,Inst. de distribució,38326448,KC24A,Puesta a tierra de p,Conductor Cobre,,PSAD56,19,188060.335,5702537.269,-38.77337880,-72.59271380
18,2965399,6775205,transformador_dx,Inst. de distribució,38326448,KC24A,Puesta a tierra de p,Conductor Cobre,,PSAD56,19,188060.335,5702537.269,-38.77337880,-72.59271380
18,3048128,,otro,Inst. de distribució,,KB24A,Puesta a tierra de s,Conductor Cobre,,PSAD56,19,187165.716,5703474.911,-38.76462930,-72.60256710
18,4150106,2070824,transformador_dx,Inst. de distribució,37895403,KC24A,Puesta a tierra de p,Conductor Cobre,,PSAD56,19,187454.073,5704093.538,-38.75916780,-72.59897490
18,4150196,4150193,equipo,Inst. de distribució,38084584,KC24A,Puesta a tierra de p,Conductor Cobre,,PSAD56,19,187479.323,5703955.982,-38.76041390,-72.59874700
18,4150197,,otro,Inst. de distribució,,KB24A,Puesta a tierra de s,Conductor Cobre,,PSAD56,19,187413.709,5704067.156,-38.75939080,-72.59945040
18,4150242,,otro,Inst. de distribució,,KB24A,Puesta a tierra de s,Conductor Cobre,,PSAD56,19,187364.507,5703982.287,-38.76013660,-72.60005400
18,4150245,,otro,Inst. de distribució,,KB24A,Puesta a tierra de s,Conductor Cobre,,PSAD56,19,187564.867,5703986.362,-38.76017090,-72.59775070
18,4150248,,otro,Inst. de distribució,,KB24A,Puesta a tierra de s,Conductor Cobre,,PSAD56,19,187649.671,5703888.776,-38.76107860,-72.59682070
18,4185170,4185167,transformador_dx,Inst. de distribució,40082046,KC24A,Puesta a tierra de p,Conductor Cobre,,PSAD56,19,188068.610,5702215.681,-38.77627400,-72.59276400
18,4185209,,otro,Inst. de distribució,,KB24A,Puesta a tierra de s,Conductor Cobre,,PSAD56,19,188046.013,5702232.403,-38.77611560,-72.59301610
18,4185597,,otro,Inst. de distribució,,KB24A,Puesta a tierra de s,Conductor Cobre,,PSAD56,19,188033.034,5702331.500,-38.77521970,-72.59312040
18,5237410,,otro,Inst. de distribució,,KB24A,Puesta a tierra de s,Conductor Cobre,,PSAD56,19,187569.604,5702088.368,-38.77724230,-72.59855480
18,5237842,5237827,transformador_dx,Inst. de distribució,38122740,KC24A,Puesta a tierra de p,Conductor Cobre,,PSAD56,19,187571.367,5702149.252,-38.77669540,-72.59850700
18,5237862,5237861,transformador_dx,Inst. de distribució,38403907,KC24A,Puesta a tierra de p,Conductor Cobre,,PSAD56,19,187584.967,5702248.308,-38.77580940,-72.59830590
18,5237887,,otro,Inst. de distribució,,KB24A,Puesta a tierra de s,Conductor Cobre,,PSAD56,19,187594.612,5702287.359,-38.77546160,-72.59817740
18,5239334,,otro,Inst. de distribució,,KB24A,Puesta a tierra de s,Conductor Cobre,,PSAD56,19,187497.135,5702117.792,-38.77695200,-72.59937410
18,5239442,,otro,Inst. de distribució,,KB24A,Puesta a tierra de s,Conductor Cobre,,PSAD56,19,187504.167,5702153.906,-38.77662980,-72.59927690
18,5239498,,otro,Inst. de distribució,,KB24A,Puesta a tierra de s,Conductor Cobre,,PSAD56,19,187507.308,5702187.726,-38.77632670,-72.59922550
18,5239502,,otro,Inst. de distribució,,KB24A,Puesta a tierra de s,Conductor Cobre,,PSAD56,19,187575.832,5702183.927,-38.77638510,-72.59844000
18,5239623,,otro,Inst. de distribució,,KB24A,Puesta a tierra de s,Conductor Cobre,,PSAD56,19,187499.339,5702253.719,-38.77573040,-72.59928720
18,5239634,,otro,Inst. de distribució,,KB24A,Puesta a tierra de s,Conductor Cobre,,PSAD56,19,187499.339,5702253.719,-38.77573040,-72.59928720
18,5239681,,otro,Inst. de distribució,,KB24A,Puesta a tierra de s,Conductor Cobre,,PSAD56,19,187508.396,5702295.122,-38.77536120,-72.59916440
18,5239694,,otro,Inst. de distribució,,KB24A,Puesta a tierra de s,Conductor Cobre,,PSAD56,19,187426.283,5702319.090,-38.77511660,-72.60009700
18,5239775,,otro,Inst. de distribució,,KB24A,Puesta a tierra de s,Conductor Cobre,,PSAD56,19,187466.993,5702201.378,-38.77618960,-72.59968250
18,5239820,,otro,Inst. de distribució,,KB24A,Puesta a tierra de s,Conductor Cobre,,PSAD56,19,187454.364,5702111.076,-38.77699730,-72.59986850
18,5257150,,otro,Inst. de distribució,,KB24A,Puesta a tierra de s,Conductor Cobre,,PSAD56,19,188172.507,5702404.369,-38.77461370,-72.59148510
18,5257244,,otro,Inst. de distribució,,KB24A,Puesta a tierra de s,Conductor Cobre,,PSAD56,19,188129.052,5702337.004,-38.77520420,-72.59201480
18,5282345,,otro,Inst. de distribució,,KB24A,Puesta a tierra de s,Conductor Cobre,,PSAD56,19,187645.819,5703159.534,-38.76763570,-72.59719460
18,5282349,,otro,Inst. de distribució,,KB24A,Puesta a tierra de s,Conductor Cobre,,PSAD56,19,187734.508,5703111.760,-38.76809680,-72.59619740
18,5282350,,otro,Inst. de distribució,,KB24A,Puesta a tierra de s,Conductor Cobre,,PSAD56,19,187741.677,5702984.348,-38.76924520,-72.59617270
18,5282356,,otro,Inst. de distribució,,KB24A,Puesta a tierra de s,Conductor Cobre,,PSAD56,19,187783.609,5702989.880,-38.76921030,-72.59568840
18,5282357,,otro,Inst. de distribució,,KB24A,Puesta a tierra de s,Conductor Cobre,,PSAD56,19,187822.911,5702989.741,-38.76922550,-72.59523700
18,5282358,,otro,Inst. de distribució,,KB24A,Puesta a tierra de s,Conductor Cobre,,PSAD56,19,187865.797,5702988.747,-38.76924960,-72.59474480
18,5282363,,otro,Inst. de distribució,,KB24A,Puesta a tierra de s,Conductor Cobre,,PSAD56,19,187766.412,5703067.387,-38.76850710,-72.59585100
18,5282364,,otro,Inst. de distribució,,KB24A,Puesta a tierra de s,Conductor Cobre,,PSAD56,19,187709.388,5702998.646,-38.76910520,-72.59653710
18,5282369,,otro,Inst. de distribució,,KB24A,Puesta a tierra de s,Conductor Cobre,,PSAD56,19,187622.031,5703162.333,-38.76760210,-72.59746670
18,5282370,,otro,Inst. de distribució,,KB24A,Puesta a tierra de s,Conductor Cobre,,PSAD56,19,187782.136,5703261.938,-38.76676300,-72.59558240
18,5282389,,otro,Inst. de distribució,,KB24A,Puesta a tierra de s,Conductor Cobre,,PSAD56,19,187771.636,5703157.326,-38.76770010,-72.59575030
18,5327134,,otro,Inst. de distribució,,KB24A,Puesta a tierra de s,Conductor Cobre,,PSAD56,19,187581.320,5702215.845,-38.77610000,-72.59836250
18,5484042,,otro,Inst. de distribució,,KB24A,Puesta a tierra de s,Conductor Cobre,,PSAD56,19,187526.560,5699228.872,-38.80294400,-72.60034420
18,5484045,,otro,Inst. de distribució,,KC24A,Puesta a tierra de p,Conductor Cobre,,PSAD56,19,187526.560,5699228.872,-38.80294400,-72.60034420
18,5484097,5484096,equipo,Inst. de distribució,39668634,KC24A,Puesta a tierra de p,Conductor Cobre,,PSAD56,19,187538.337,5699185.288,-38.80334020,-72.60022860
18,5484133,,otro,Inst. de distribució,,KB24A,Puesta a tierra de s,Conductor Cobre,,PSAD56,19,187562.478,5699102.461,-38.80409360,-72.59998870
18,5523527,5523526,equipo,Inst. de distribució,39666548,KC24A,Puesta a tierra de p,Conductor Cobre,,PSAD56,19,188159.217,5702492.905,-38.77381270,-72.59159780
18,5685520,,otro,Inst. de distribució,,KC24A,Puesta a tierra de p,Conductor Cobre,,PSAD56,19,188351.098,5702579.822,-38.77309890,-72.58935410
18,5689148,1716765746,transformador_dx,Inst. de distribució,40303787,KC24A,Puesta a tierra de p,Conductor Cobre,,PSAD56,19,188417.566,5701295.391,-38.78467400,-72.58917020
18,5689149,,otro,Inst. de distribució,,KB24A,Puesta a tierra de s,Conductor Cobre,,PSAD56,19,188394.462,5701251.688,-38.78505890,-72.58945540
18,5689171,,otro,Inst. de distribució,,KB24A,Puesta a tierra de s,Conductor Cobre,,PSAD56,19,188587.141,5701606.705,-38.78193410,-72.58708120
18,5689177,1717296124,equipo,Inst. de distribució,40181417,KB24A,Puesta a tierra de s,Conductor Cobre,,PSAD56,19,188487.599,5701442.684,-38.78337410,-72.58829900
18,5721156,,otro,Inst. de distribució,,KB24A,Puesta a tierra de s,Conductor Cobre,,PSAD56,19,188318.819,5702320.626,-38.77541860,-72.58984200
18,5721207,,otro,Inst. de distribució,,KB24A,Puesta a tierra de s,Conductor Cobre,,PSAD56,19,188303.586,5702414.390,-38.77456990,-72.58997470
18,5721208,,otro,Inst. de distribució,,KB24A,Puesta a tierra de s,Conductor Cobre,,PSAD56,19,188344.997,5702427.050,-38.77447070,-72.58949320
18,5721245,,otro,Inst. de distribució,,KB24A,Puesta a tierra de s,Conductor Cobre,,PSAD56,19,188310.532,5702313.855,-38.77547650,-72.58994020
18,5721350,,otro,Inst. de distribució,,KB24A,Puesta a tierra de s,Conductor Cobre,,PSAD56,19,188373.825,5702536.863,-38.77349320,-72.58911240
18,5721351,,otro,Inst. de distribució,,KB24A,Puesta a tierra de s,Conductor Cobre,,PSAD56,19,188338.920,5702471.330,-38.77407030,-72.58954300
18,5721371,,otro,Inst. de distribució,,KC24A,Puesta a tierra de p,Conductor Cobre,,PSAD56,19,188384.702,5702503.529,-38.77379690,-72.58900250
18,5721376,,otro,Inst. de distribució,,KB24A,Puesta a tierra de s,Conductor Cobre,,PSAD56,19,188397.281,5702449.415,-38.77428800,-72.58888240
18,5721391,5721385,transformador_dx,Inst. de distribució,40058360,KC24A,Puesta a tierra de p,Conductor Cobre,,PSAD56,19,188395.036,5702519.718,-38.77365490,-72.58887650
18,5721392,5721386,transformador_dx,Inst. de distribució,40065967,KC24A,Puesta a tierra de p,Conductor Cobre,,PSAD56,19,188396.019,5702372.611,-38.77497830,-72.58893160
18,5721393,,otro,Inst. de distribució,,KB24A,Puesta a tierra de s,Conductor Cobre,,PSAD56,19,188393.585,5702396.723,-38.77476060,-72.58894860
18,5721398,,otro,Inst. de distribució,,KB24A,Puesta a tierra de s,Conductor Cobre,,PSAD56,19,188283.450,5702366.208,-38.77499610,-72.59022770
18,5724904,,otro,Inst. de distribució,,KB24A,Puesta a tierra de s,Conductor Cobre,,PSAD56,19,188288.793,5702463.188,-38.77412580,-72.59012260
18,5929001,,otro,Inst. de distribució,,KB24A,Puesta a tierra de s,Conductor Cobre,,PSAD56,19,188453.097,5702529.301,-38.77358930,-72.58820510
18,5929008,,otro,Inst. de distribució,,KB24A,Puesta a tierra de s,Conductor Cobre,,PSAD56,19,188457.290,5702514.816,-38.77372100,-72.58816340
18,5929027,,otro,Inst. de distribució,,KB24A,Puesta a tierra de s,Conductor Cobre,,PSAD56,19,188438.996,5702472.477,-38.77409530,-72.58839270
18,5929032,,otro,Inst. de distribució,,KB24A,Puesta a tierra de s,Conductor Cobre,,PSAD56,19,188463.840,5702464.507,-38.77417580,-72.58811090
18,5929042,,otro,Inst. de distribució,,KB24A,Puesta a tierra de s,Conductor Cobre,,PSAD56,19,188467.729,5702424.446,-38.77453740,-72.58808430
18,5929050,,otro,Inst. de distribució,,KB24A,Puesta a tierra de s,Conductor Cobre,,PSAD56,19,188465.412,5702377.031,-38.77496310,-72.58813230
18,6173355,,otro,Inst. de distribució,,KB24A,Puesta a tierra de s,Conductor Cobre,,PSAD56,19,188061.174,5702198.361,-38.77642710,-72.59285730
18,6173377,,otro,Inst. de distribució,,KB24A,Puesta a tierra de s,Conductor Cobre,,PSAD56,19,187923.882,5702151.888,-38.77679650,-72.59445570
18,6173447,,otro,Inst. de distribució,,KB24A,Puesta a tierra de s,Conductor Cobre,,PSAD56,19,187882.116,5702127.036,-38.77700520,-72.59494680
18,6173465,,otro,Inst. de distribució,,KB24A,Puesta a tierra de s,Conductor Cobre,,PSAD56,19,187843.893,5702094.436,-38.77728490,-72.59540060
18,6176482,,otro,Inst. de distribució,,KB24A,Puesta a tierra de s,Conductor Cobre,,PSAD56,19,188042.263,5702081.886,-38.77746790,-72.59312720
18,6176610,6176509,transformador_dx,Inst. de distribució,39180183,KC24A,Puesta a tierra de p,Conductor Cobre,,PSAD56,19,188096.043,5702111.632,-38.77721940,-72.59249590
18,6176644,,otro,Inst. de distribució,,KB24A,Puesta a tierra de s,Conductor Cobre,,PSAD56,19,188103.802,5702089.599,-38.77742030,-72.59241670
18,6176819,,otro,Inst. de distribució,,KC24A,Puesta a tierra de p,Conductor Cobre,,PSAD56,19,188120.830,5702041.003,-38.77786340,-72.59224300
18,6176846,,otro,Inst. de distribució,,KB24A,Puesta a tierra de s,Conductor Cobre,,PSAD56,19,188069.544,5702039.194,-38.77786150,-72.59283300
18,6176863,,otro,Inst. de distribució,,KB24A,Puesta a tierra de s,Conductor Cobre,,PSAD56,19,188040.328,5702143.977,-38.77690880,-72.59312140
18,6176888,,otro,Inst. de distribució,,KB24A,Puesta a tierra de s,Conductor Cobre,,PSAD56,19,188075.228,5702167.561,-38.77670910,-72.59270970
18,6176916,6176912,equipo,Inst. de distribució,38700304,KC24A,Puesta a tierra de p,Conductor Cobre,,PSAD56,19,188056.939,5702224.208,-38.77619310,-72.59289430
18,6185170,,otro,Inst. de distribució,,KB24A,Puesta a tierra de s,Conductor Cobre,,PSAD56,19,187810.263,5702336.460,-38.77509630,-72.59567760
18,6214681,,otro,Inst. de distribució,,KB24A,Puesta a tierra de s,Conductor Cobre,,PSAD56,19,188019.028,5702249.530,-38.77595200,-72.59331840
18,6249226,6249212,transformador_dx,Inst. de distribució,39562372,KC24A,Puesta a tierra de p,Conductor Cobre,,PSAD56,19,187986.833,5702053.074,-38.77770750,-72.59377710
18,6249240,,otro,Inst. de distribució,,KB24A,Puesta a tierra de s,Conductor Cobre,,PSAD56,19,187950.341,5702058.748,-38.77764350,-72.59419380
18,6249275,,otro,Inst. de distribució,,KB24A,Puesta a tierra de s,Conductor Cobre,,PSAD56,19,187886.306,5702071.489,-38.77750630,-72.59492370
18,6249283,,otro,Inst. de distribució,,KB24A,Puesta a tierra de s,Conductor Cobre,,PSAD56,19,187942.991,5702080.637,-38.77744410,-72.59426830
18,6249320,,otro,Inst. de distribució,,KB24A,Puesta a tierra de s,Conductor Cobre,,PSAD56,19,187973.538,5702112.328,-38.77716980,-72.59390300
18,6249330,,otro,Inst. de distribució,,KB24A,Puesta a tierra de s,Conductor Cobre,,PSAD56,19,188002.267,5702126.237,-38.77705490,-72.59356670
18,6249349,,otro,Inst. de distribució,,KB24A,Puesta a tierra de s,Conductor Cobre,,PSAD56,19,188031.477,5702066.102,-38.77760610,-72.59325820
18,6249400,,otro,Inst. de distribució,,KC24A,Puesta a tierra de p,Conductor Cobre,,PSAD56,19,188150.202,5702023.907,-38.77802760,-72.59191320
18,6271461,6278847,equipo,Inst. de distribució,40045446,KC24A,Puesta a tierra de p,Conductor Cobre,,PSAD56,19,187314.163,5703809.500,-38.76167280,-72.60071040
18,6271483,,otro,Inst. de distribució,,KC24A,Puesta a tierra de p,Conductor Cobre,,PSAD56,19,187576.400,5703460.466,-38.76490470,-72.59785600
18,6271510,9168000,transformador_dx,Inst. de distribució,39296368,KC24A,Puesta a tierra de p,Conductor Cobre,,PSAD56,19,187729.498,5703235.801,-38.76697940,-72.59619890
18,6271511,,otro,Inst. de distribució,,KB24A,Puesta a tierra de s,Conductor Cobre,,PSAD56,19,187720.208,5703199.192,-38.76730540,-72.59632220
18,6370136,,otro,Inst. de distribució,,KB24A,Puesta a tierra de s,Conductor Cobre,,PSAD56,19,187778.758,5702428.286,-38.77425930,-72.59599810
18,6370162,,otro,Inst. de distribució,,KB24A,Puesta a tierra de s,Conductor Cobre,,PSAD56,19,187889.305,5702386.027,-38.77467850,-72.59474710
18,6378719,,otro,Inst. de distribució,,KB24A,Puesta a tierra de s,Conductor Cobre,,PSAD56,19,187923.688,5702392.193,-38.77463520,-72.59434930
18,6378811,,otro,Inst. de distribució,,KB24A,Puesta a tierra de s,Conductor Cobre,,PSAD56,19,187955.503,5702397.787,-38.77459620,-72.59398120
18,6757958,,otro,Inst. de distribució,,KB24A,Puesta a tierra de s,Conductor Cobre,,PSAD56,19,187870.187,5700802.749,-38.78891110,-72.59568260
18,6763119,6760347,equipo,Inst. de distribució,,KC24A,Puesta a tierra de p,Conductor Cobre,,PSAD56,19,186680.695,5703569.699,-38.76360480,-72.60809560
18,6766725,,otro,Inst. de distribució,,KB24A,Puesta a tierra de s,Conductor Cobre,,PSAD56,19,188546.623,5702610.651,-38.77289060,-72.58709390
18,6766917,,otro,Inst. de distribució,,KB24A,Puesta a tierra de s,Conductor Cobre,,PSAD56,19,188550.043,5702556.167,-38.77338190,-72.58707920
18,6766945,,otro,Inst. de distribució,,KB24A,Puesta a tierra de s,Conductor Cobre,,PSAD56,19,188525.650,5702546.593,-38.77345940,-72.58736370
18,6767058,,otro,Inst. de distribució,,KB24A,Puesta a tierra de s,Conductor Cobre,,PSAD56,19,188510.833,5702614.755,-38.77284110,-72.58750320
18,6767101,,otro,Inst. de distribució,,KB24A,Puesta a tierra de s,Conductor Cobre,,PSAD56,19,188481.654,5702529.977,-38.77359330,-72.58787670
18,6775124,,otro,Inst. de distribució,,KB24A,Puesta a tierra de s,Conductor Cobre,,PSAD56,19,187811.898,5702478.307,-38.77382120,-72.59559470
18,6775125,,otro,Inst. de distribució,,KB24A,Puesta a tierra de s,Conductor Cobre,,PSAD56,19,187900.825,5702475.872,-38.77387460,-72.59457410
18,6821305,,otro,Inst. de distribució,,KB24A,Puesta a tierra de s,Conductor Cobre,,PSAD56,19,188029.992,5702529.428,-38.77343860,-72.59306600
18,6972087,6972086,equipo,Inst. de distribució,39781204,KC24A,Puesta a tierra de p,Conductor Cobre,,PSAD56,19,186759.597,5702475.718,-38.77347150,-72.60768540
18,7883571,,otro,Inst. de distribució,,KB24A,Puesta a tierra de s,Conductor Cobre,,PSAD56,19,188288.572,5702753.768,-38.77151240,-72.58999400
18,7883602,,otro,Inst. de distribució,,KB24A,Puesta a tierra de s,Conductor Cobre,,PSAD56,19,188278.376,5702668.193,-38.77227840,-72.59014970
18,7883603,,otro,Inst. de distribució,,KB24A,Puesta a tierra de s,Conductor Cobre,,PSAD56,19,188275.659,5702698.221,-38.77200740,-72.59016740
18,7883604,,otro,Inst. de distribució,,KB24A,Puesta a tierra de s,Conductor Cobre,,PSAD56,19,188269.594,5702727.891,-38.77173840,-72.59022370
18,7883629,,otro,Inst. de distribució,,KB24A,Puesta a tierra de s,Conductor Cobre,,PSAD56,19,188243.958,5702606.008,-38.77282550,-72.59057320
18,7883677,,otro,Inst. de distribució,,KB24A,Puesta a tierra de s,Conductor Cobre,,PSAD56,19,188219.836,5702607.743,-38.77280140,-72.59084960
18,7883687,,otro,Inst. de distribució,,KB24A,Puesta a tierra de s,Conductor Cobre,,PSAD56,19,188182.276,5702596.670,-38.77288770,-72.59128610
18,8040918,,otro,Inst. de distribució,,KB24A,Puesta a tierra de s,Conductor Cobre,,PSAD56,19,187499.513,5701415.321,-38.78327060,-72.59966470
18,8106817,8123309,transformador_dx,Inst. de distribució,37706553,KC24A,Puesta a tierra de p,Conductor Cobre,,PSAD56,19,188275.161,5702056.856,-38.77777540,-72.59046260
18,8106818,,otro,Inst. de distribució,,KB24A,Puesta a tierra de s,Conductor Cobre,,PSAD56,19,188421.555,5702146.729,-38.77701880,-72.58874010
18,8106830,,otro,Inst. de distribució,,KB24A,Puesta a tierra de s,Conductor Cobre,,PSAD56,19,188297.028,5702044.045,-38.77789830,-72.59021720
18,8106850,,otro,Inst. de distribució,,KB24A,Puesta a tierra de s,Conductor Cobre,,PSAD56,19,188232.890,5702154.703,-38.77688040,-72.59090410
18,8106903,,otro,Inst. de distribució,,KB24A,Puesta a tierra de s,Conductor Cobre,,PSAD56,19,187647.483,5703457.132,-38.76495990,-72.59704100
18,8115932,,otro,Inst. de distribució,,KC24A,Puesta a tierra de p,Conductor Cobre,,PSAD56,19,188190.089,5702137.415,-38.77702080,-72.59140370
18,8116053,,otro,Inst. de distribució,,KB24A,Puesta a tierra de s,Conductor Cobre,,PSAD56,19,187659.817,5703574.242,-38.76391100,-72.59684630
18,8125062,,otro,Inst. de distribució,,KB24A,Puesta a tierra de s,Conductor Cobre,,PSAD56,19,188383.928,5702168.761,-38.77680740,-72.58916250
18,8125078,,otro,Inst. de distribució,,KB24A,Puesta a tierra de s,Conductor Cobre,,PSAD56,19,188243.968,5702084.711,-38.77751380,-72.59080850
18,8125121,,otro,Inst. de distribució,,KC24A,Puesta a tierra de p,Conductor Cobre,,PSAD56,19,187617.273,5703435.091,-38.76514740,-72.59739800
18,8125142,,otro,Inst. de distribució,,KB24A,Puesta a tierra de s,Conductor Cobre,,PSAD56,19,187690.973,5703388.685,-38.76559080,-72.59657230
18,8125175,,otro,Inst. de distribució,,KB24A,Puesta a tierra de s,Conductor Cobre,,PSAD56,19,187613.852,5703543.145,-38.76417440,-72.59738840
18,8128447,,otro,Inst. de distribució,,KB24A,Puesta a tierra de s,Conductor Cobre,,PSAD56,19,187592.756,5703561.765,-38.76399950,-72.59762230
18,8134171,,otro,Inst. de distribució,,KC24A,Puesta a tierra de p,Conductor Cobre,,PSAD56,19,188081.681,5702207.515,-38.77635200,-72.59261750
18,8134180,8123306,transformador_dx,Inst. de distribució,40261625,KC24A,Puesta a tierra de p,Conductor Cobre,,PSAD56,19,188206.538,5702124.491,-38.77714290,-72.59122050
18,8134200,,otro,Inst. de distribució,,KB24A,Puesta a tierra de s,Conductor Cobre,,PSAD56,19,188226.176,5702101.831,-38.77735360,-72.59100510
18,8134244,8116001,transformador_dx,Inst. de distribució,38579071,KC24A,Puesta a tierra de p,Conductor Cobre,,PSAD56,19,187671.251,5703475.614,-38.76480200,-72.59675960
18,8134277,,otro,Inst. de distribució,,KB24A,Puesta a tierra de s,Conductor Cobre,,PSAD56,19,187580.520,5703525.256,-38.76432350,-72.59777940
18,8190778,,otro,Inst. de distribució,,KB24A,Puesta a tierra de s,Conductor Cobre,,PSAD56,19,187577.588,5702307.401,-38.77527530,-72.59836390
18,8190863,,otro,Inst. de distribució,,KB24A,Puesta a tierra de s,Conductor Cobre,,PSAD56,19,187484.111,5702340.670,-38.77494300,-72.59942280
18,8190916,,otro,Inst. de distribució,,KB24A,Puesta a tierra de s,Conductor Cobre,,PSAD56,19,187470.337,5702430.983,-38.77412590,-72.59954020
18,8190918,,otro,Inst. de distribució,,KC24A,Puesta a tierra de p,Conductor Cobre,,PSAD56,19,187573.647,5702411.876,-38.77433430,-72.59836190
18,8190942,8190940,equipo,Inst. de distribució,39918656,KC24A,Puesta a tierra de p,Conductor Cobre,,PSAD56,19,187595.134,5702416.112,-38.77430380,-72.59811320
18,8231488,8190934,transformador_dx,Inst. de distribució,39906827,KC24A,Puesta a tierra de p,Conductor Cobre,,PSAD56,19,187444.433,5702435.333,-38.77407760,-72.59983580
18,8232867,,otro,Inst. de distribució,,KB24A,Puesta a tierra de s,Conductor Cobre,,PSAD56,19,188179.238,5702196.606,-38.77648460,-72.59150160
18,8232868,,otro,Inst. de distribució,,KB24A,Puesta a tierra de s,Conductor Cobre,,PSAD56,19,188281.614,5702176.511,-38.77670150,-72.59033450
18,8242254,,otro,Inst. de distribució,,KB24A,Puesta a tierra de s,Conductor Cobre,,PSAD56,19,187639.336,5703374.709,-38.76569820,-72.59717180
18,8247837,,otro,Inst. de distribució,,KB24A,Puesta a tierra de s,Conductor Cobre,,PSAD56,19,188102.820,5701990.266,-38.77831330,-72.59247280
18,8247839,,otro,Inst. de distribució,,KB24A,Puesta a tierra de s,Conductor Cobre,,PSAD56,19,188098.335,5701956.427,-38.77861610,-72.59253960
18,8247847,,otro,Inst. de distribució,,KB24A,Puesta a tierra de s,Conductor Cobre,,PSAD56,19,188186.185,5702009.259,-38.77817200,-72.59150640
18,8251530,8251515,transformador_dx,Inst. de distribució,37853337,KC24A,Puesta a tierra de p,Conductor Cobre,,PSAD56,19,188360.699,5702081.474,-38.77758420,-72.58946870
18,8251542,,otro,Inst. de distribució,,KB24A,Puesta a tierra de s,Conductor Cobre,,PSAD56,19,188374.231,5702091.759,-38.77749650,-72.58930860
18,8251855,,otro,Inst. de distribució,,KC24A,Puesta a tierra de p,Conductor Cobre,,PSAD56,19,188336.845,5702068.610,-38.77769150,-72.58974860
18,8258223,,otro,Inst. de distribució,,KB24A,Puesta a tierra de s,Conductor Cobre,,PSAD56,19,187465.645,5703273.651,-38.76654560,-72.59921280
18,8258322,,otro,Inst. de distribució,,KB24A,Puesta a tierra de s,Conductor Cobre,,PSAD56,19,187475.302,5703221.047,-38.76702210,-72.59912570
18,8393490,,otro,Inst. de distribució,,KB24A,Puesta a tierra de s,Conductor Cobre,,PSAD56,19,187590.734,5702350.432,-38.77489290,-72.59819340
18,8629698,,otro,Inst. de distribució,,KB24A,Puesta a tierra de s,Conductor Cobre,,PSAD56,19,188783.117,5701948.370,-38.77893050,-72.58467540
18,8749001,2153951,equipo,Inst. de distribució,39265070,KC24A,Puesta a tierra de p,Conductor Cobre,,PSAD56,19,187935.980,5702309.761,-38.77538090,-72.59424530
18,8853092,,otro,Inst. de distribució,,KB24A,Puesta a tierra de s,Conductor Cobre,,PSAD56,19,186669.831,5698957.802,-38.80507770,-72.61031400
18,8853384,,otro,Inst. de distribució,,KB24A,Puesta a tierra de s,Conductor Cobre,,PSAD56,19,186386.116,5698876.788,-38.80570530,-72.61361180
18,8853426,,otro,Inst. de distribució,,KB24A,Puesta a tierra de s,Conductor Cobre,,PSAD56,19,186224.060,5698940.454,-38.80507510,-72.61544540
18,8853432,,otro,Inst. de distribució,,KB24A,Puesta a tierra de s,Conductor Cobre,,PSAD56,19,186307.474,5698976.656,-38.80477920,-72.61447020
18,8853456,,otro,Inst. de distribució,,KB24A,Puesta a tierra de s,Conductor Cobre,,PSAD56,19,186046.763,5699001.633,-38.80446170,-72.61745530
18,8853513,,otro,Inst. de distribució,,KB24A,Puesta a tierra de s,Conductor Cobre,,PSAD56,19,186342.898,5699284.235,-38.80202560,-72.61392320
18,8853518,,otro,Inst. de distribució,,KB24A,Puesta a tierra de s,Conductor Cobre,,PSAD56,19,186340.500,5699133.558,-38.80337990,-72.61401930
18,8854027,,otro,Inst. de distribució,,KB24A,Puesta a tierra de s,Conductor Cobre,,PSAD56,19,186482.590,5698988.131,-38.80473830,-72.61245230
18,8854040,,otro,Inst. de distribució,,KB24A,Puesta a tierra de s,Conductor Cobre,,PSAD56,19,186173.045,5699120.863,-38.80343440,-72.61594960
18,8900577,,otro,Inst. de distribució,,KB24A,Puesta a tierra de s,Conductor Cobre,,PSAD56,19,187537.411,5699943.430,-38.79652150,-72.59989580
18,8929467,8929461,transformador_dx,Inst. de distribució,39305731,KC24A,Puesta a tierra de p,Conductor Cobre,,PSAD56,19,188647.510,5699618.054,-38.79984060,-72.58728490
18,8929469,,otro,Inst. de distribució,,KB24A,Puesta a tierra de s,Conductor Cobre,,PSAD56,19,188671.046,5699583.611,-38.80015870,-72.58703000
18,9017329,,otro,Inst. de distribució,,KB24A,Puesta a tierra de s,Conductor Cobre,,PSAD56,19,187300.077,5701010.539,-38.78684030,-72.60213970
18,9017335,,otro,Inst. de distribució,,KB24A,Puesta a tierra de s,Conductor Cobre,,PSAD56,19,187255.586,5700831.778,-38.78843220,-72.60273190
18,9019913,9837027,transformador_dx,Inst. de distribució,39366217,KC24A,Puesta a tierra de p,Conductor Cobre,,PSAD56,19,187542.549,5701868.924,-38.77920630,-72.59896490
18,9061857,,otro,Inst. de distribució,,KB24A,Puesta a tierra de s,Conductor Cobre,,PSAD56,19,187451.951,5701552.166,-38.78202300,-72.60014930
18,9061874,,otro,Inst. de distribució,,KB24A,Puesta a tierra de s,Conductor Cobre,,PSAD56,19,187412.432,5701433.534,-38.78307590,-72.60065710
18,9061920,8040261,transformador_dx,Inst. de distribució,39308456,KC24A,Puesta a tierra de p,Conductor Cobre,,PSAD56,19,187423.805,5701470.695,-38.78274570,-72.60050960
18,9062026,,otro,Inst. de distribució,,KB24A,Puesta a tierra de s,Conductor Cobre,,PSAD56,19,187801.504,5700633.931,-38.79040500,-72.59654830
18,9128004,9128008,transformador_dx,Inst. de distribució,39947237,KC24A,Puesta a tierra de p,Conductor Cobre,,PSAD56,19,188213.347,5702560.905,-38.77322030,-72.59094530
18,9167673,9233070,equipo,Inst. de distribució,39433610,KC24A,Puesta a tierra de p,Conductor Cobre,,PSAD56,19,187724.310,5703217.462,-38.76714250,-72.59626680
18,9173189,,otro,Inst. de prop. terce,,KB24A,Puesta a tierra de s,Conductor Cobre,,PSAD56,19,187696.520,5702446.775,-38.77406390,-72.59693450
18,9227501,,otro,Inst. de distribució,,KB24A,Puesta a tierra de s,Conductor Cobre,,PSAD56,19,187529.623,5701846.397,-38.77940440,-72.59912360
18,9352710,,otro,Inst. de distribució,,KB24A,Puesta a tierra de s,Conductor Cobre,,PSAD56,19,187639.280,5702791.301,-38.77094520,-72.59743630
18,9369026,,otro,Inst. de distribució,,KB24A,Puesta a tierra de s,Conductor Cobre,,PSAD56,19,187694.786,5704005.554,-38.76004430,-72.59624970
18,9369036,,otro,Inst. de distribució,,KC24A,Puesta a tierra de p,Conductor Cobre,,PSAD56,19,187665.894,5704044.230,-38.75968630,-72.59656410
18,9369043,9369044,equipo,Inst. de distribució,37690105,KC24A,Puesta a tierra de p,Conductor Cobre,,PSAD56,19,187675.598,5704065.008,-38.75950280,-72.59644320
18,9369057,9370016,transformador_dx,Inst. de distribució,37693812,KC24A,Puesta a tierra de p,Conductor Cobre,,PSAD56,19,187716.867,5703974.341,-38.76033280,-72.59601020
18,9379581,9379580,equipo,Inst. de prop. terce,40316020,KC24A,Puesta a tierra de p,Conductor Cobre,,PSAD56,19,188816.069,5699100.552,-38.80455440,-72.58558120
18,9379623,9379646,transformador_dx,Inst. de prop. terce,40346384,KB24A,Puesta a tierra de s,Conductor Cobre,,PSAD56,19,188832.066,5699103.631,-38.80453230,-72.58539600
18,9396096,,otro,Inst. de distribució,,KB24A,Puesta a tierra de s,Conductor Cobre,,PSAD56,19,188366.989,5702736.448,-38.77169580,-72.58910090
18,9396099,,otro,Inst. de distribució,,KB24A,Puesta a tierra de s,Conductor Cobre,,PSAD56,19,188358.429,5702720.630,-38.77183510,-72.58920640
18,9396142,5685569,transformador_dx,Inst. de distribució,40060232,KC24A,Puesta a tierra de p,Conductor Cobre,,PSAD56,19,188357.041,5702742.669,-38.77163640,-72.58921240
18,9456247,,otro,Inst. de distribució,,KB24A,Puesta a tierra de s,Conductor Cobre,,PSAD56,19,187913.911,5703415.477,-38.76542880,-72.59399930
18,9456252,,otro,Inst. de distribució,,KB24A,Puesta a tierra de s,Conductor Cobre,,PSAD56,19,187932.782,5703386.361,-38.76569730,-72.59379560
18,9574204,9574199,equipo,Inst. de distribució,40348889,KC24A,Puesta a tierra de p,Conductor Cobre,,PSAD56,19,188459.347,5702629.006,-38.77269470,-72.58808830
18,9574225,,otro,Inst. de distribució,,KC24A,Puesta a tierra de p,Conductor Cobre,,PSAD56,19,188420.634,5702671.810,-38.77229610,-72.58851380
18,9574297,,otro,Inst. de distribució,,KB24A,Puesta a tierra de s,Conductor Cobre,,PSAD56,19,188373.260,5702673.190,-38.77226700,-72.58905740
18,9740692,9740685,transformador_dx,Inst. de distribució,40088484,KC24A,Puesta a tierra de p,Conductor Cobre,,PSAD56,19,187486.424,5698306.519,-38.81122490,-72.60122360
18,9740697,,otro,Inst. de distribució,,KB24A,Puesta a tierra de s,Conductor Cobre,,PSAD56,19,187486.723,5698252.247,-38.81171320,-72.60124480
18,9742136,9742153,transformador_dx,Inst. de distribució,40156837,KC24A,Puesta a tierra de p,Conductor Cobre,,PSAD56,19,187435.102,5698017.602,-38.81380510,-72.60194460
18,9759166,,otro,Inst. de distribució,,KB24A,Puesta a tierra de s,Conductor Cobre,,PSAD56,19,185969.864,5696986.544,-38.82255660,-72.61925730
18,9837009,,otro,Inst. de distribució,,KB24A,Puesta a tierra de s,Conductor Cobre,,PSAD56,19,187529.623,5701846.397,-38.77940440,-72.59912360
18,1716355630,1716355592,transformador_dx,Inst. de distribució,36923293,KC24A,Puesta a tierra de p,Conductor Cobre,,PSAD56,19,187564.705,5702030.528,-38.77776080,-72.59863720
18,1716356537,8851511,transformador_dx,Inst. de distribució,36722286,KB24A,Puesta a tierra de s,Conductor Cobre,,PSAD56,19,187776.612,5702677.838,-38.77201420,-72.59590990
18,1716493734,,otro,Inst. de distribució,,KB24A,Puesta a tierra de s,Conductor Cobre,,PSAD56,19,187569.617,5702008.513,-38.77796050,-72.59859080
18,1716493735,,otro,Inst. de distribució,,KB24A,Puesta a tierra de s,Conductor Cobre,,PSAD56,19,187718.551,5702017.358,-38.77793370,-72.59687560
18,1716493736,,otro,Inst. de distribució,,KB24A,Puesta a tierra de s,Conductor Cobre,,PSAD56,19,187832.432,5701991.990,-38.77820220,-72.59557870
18,1716493737,,otro,Inst. de distribució,,KB24A,Puesta a tierra de s,Conductor Cobre,,PSAD56,19,187838.592,5702027.232,-38.77788740,-72.59549190
18,1716493738,,otro,Inst. de distribució,,KB24A,Puesta a tierra de s,Conductor Cobre,,PSAD56,19,187674.950,5702035.553,-38.77775460,-72.59736830
18,1716493739,,otro,Inst. de distribució,,KB24A,Puesta a tierra de s,Conductor Cobre,,PSAD56,19,187642.356,5702039.225,-38.77771010,-72.59774110
18,1716493740,,otro,Inst. de distribució,,KB24A,Puesta a tierra de s,Conductor Cobre,,PSAD56,19,187627.315,5701942.655,-38.77857330,-72.59795760
18,1716493741,,otro,Inst. de distribució,,KB24A,Puesta a tierra de s,Conductor Cobre,,PSAD56,19,187660.923,5701935.467,-38.77864980,-72.59757480
18,1716493742,,otro,Inst. de distribució,,KB24A,Puesta a tierra de s,Conductor Cobre,,PSAD56,19,187642.165,5701855.958,-38.77935820,-72.59782620
18,1716493743,,otro,Inst. de distribució,,KB24A,Puesta a tierra de s,Conductor Cobre,,PSAD56,19,187584.378,5701948.537,-38.77850520,-72.59844830
18,1716493744,,otro,Inst. de distribució,,KB24A,Puesta a tierra de s,Conductor Cobre,,PSAD56,19,187693.847,5702070.483,-38.77744720,-72.59713540
18,1716544768,1983956,transformador_dx,Inst. de distribució,36122458,KC24A,Puesta a tierra de p,Conductor Cobre,,PSAD56,19,187658.705,5702455.218,-38.77397460,-72.59736510
18,1716580194,,otro,Inst. de distribució,,KB24A,Puesta a tierra de s,Conductor Cobre,,PSAD56,19,188737.068,5701891.439,-38.77942620,-72.58523010
18,1716742793,1716742770,equipo,Inst. de distribució,38681609,KC24A,Puesta a tierra de p,Conductor Cobre,,PSAD56,19,188485.446,5700689.232,-38.79014960,-72.58866380
18,1716746493,1716746481,transformador_dx,Inst. de distribució,36322812,KC24A,Puesta a tierra de p,Conductor Cobre,,PSAD56,19,188649.858,5701739.573,-38.78076130,-72.58630070
18,1716746531,,otro,Inst. de distribució,,KB24A,Puesta a tierra de s,Conductor Cobre,,PSAD56,19,188643.235,5701719.703,-38.78093760,-72.58638570
18,1716954756,,otro,Inst. de distribució,,KB24A,Puesta a tierra de s,Conductor Cobre,,PSAD56,19,188459.409,5699953.061,-38.79676120,-72.58929550
18,1716954766,,otro,Inst. de distribució,,KB24A,Puesta a tierra de s,Conductor Cobre,,PSAD56,19,188609.432,5699880.065,-38.79747070,-72.58760430
18,1716954773,,otro,Inst. de distribució,,KB24A,Puesta a tierra de s,Conductor Cobre,,PSAD56,19,188825.490,5699800.259,-38.79826480,-72.58515720
18,1717069564,,otro,Inst. de distribució,,KB24A,Puesta a tierra de s,Conductor Cobre,,PSAD56,19,187672.572,5700432.555,-38.79217040,-72.59812100
18,1717102971,1717102990,transformador_dx,Inst. de distribució,39972403,KC24A,Puesta a tierra de p,Conductor Cobre,,PSAD56,19,185968.772,5696834.680,-38.82392200,-72.61933900
18,1717102976,,otro,Inst. de distribució,,KB24A,Puesta a tierra de s,Conductor Cobre,,PSAD56,19,185966.822,5696924.404,-38.82311430,-72.61932060
18,1717177234,,otro,Inst. de distribució,,KB24A,Puesta a tierra de s,Conductor Cobre,,PSAD56,19,188911.393,5701278.177,-38.78500320,-72.58350360
18,1717179653,,otro,Inst. de distribució,,KB24A,Puesta a tierra de s,Conductor Cobre,,PSAD56,19,187906.300,5702996.263,-38.76919630,-72.59427610
18,1717204089,,otro,Inst. de distribució,,KB24A,Puesta a tierra de s,Conductor Cobre,,PSAD56,19,187588.611,5699521.626,-38.80033310,-72.59949850
18,1717204600,,otro,Inst. de distribució,,KB24A,Puesta a tierra de s,Conductor Cobre,,PSAD56,19,187615.375,5702616.563,-38.77250820,-72.59778990
18,1717288995,1717288978,transformador_dx,Inst. de distribució,290414904,KC24A,Puesta a tierra de p,Conductor Cobre,,PSAD56,19,186823.204,5700354.285,-38.79257300,-72.60791710
18,1717289009,,otro,Inst. de distribució,,KB24A,Puesta a tierra de s,Conductor Cobre,,PSAD56,19,186872.734,5700348.189,-38.79264540,-72.60735070
18,1717296126,1717296124,equipo,Inst. de distribució,40181417,KC24A,Puesta a tierra de p,Conductor Cobre,,PSAD56,19,188487.599,5701442.684,-38.78337410,-72.58829900
18,1717296215,1717296209,transformador_dx,Inst. de distribució,37786533,KC24A,Puesta a tierra de p,Conductor Cobre,,PSAD56,19,188009.156,5700932.231,-38.78779580,-72.59402720
18,1717296459,1717296458,transformador_dx,Inst. de distribució,38549238,KC24A,Puesta a tierra de p,Conductor Cobre,,PSAD56,19,187553.001,5700194.253,-38.79427120,-72.59960300
